2019-04-11 10:26:41,43189869006028.805
2019-04-11 10:56:41,43190191128576.0
2019-04-11 11:26:41,43191595940795.734
2019-04-11 11:56:41,43193949224960.0
2019-04-11 12:26:41,43193949224960.0
2019-04-11 12:56:41,43193949224960.0
2019-04-11 13:26:41,43194369773841.07
2019-04-11 13:56:41,43198593158348.8
2019-04-11 14:26:41,43206780439756.805
2019-04-11 14:56:41,43207370997760.0
2019-04-11 15:26:41,43207791546641.07
2019-04-11 15:56:41,43208453687432.53
2019-04-11 16:26:41,43211665965056.0
2019-04-11 16:56:41,43211665965056.0
2019-04-11 17:26:41,43212507062818.13
2019-04-11 17:56:41,43212739706880.0
2019-04-11 18:26:41,43212739706880.0
2019-04-11 18:56:41,43212739706880.0
2019-04-11 19:26:41,43213160255761.07
2019-04-11 19:56:41,43213276577792.0
2019-04-11 20:26:41,43213276577792.0
2019-04-11 20:56:41,43213276577792.0
2019-04-11 21:26:41,43213697126673.07
2019-04-11 21:56:41,43213813448704.0
2019-04-11 22:26:41,43213813448704.0
2019-04-11 22:56:41,43213813448704.0
2019-04-11 23:26:41,43214654546466.13
2019-04-11 23:56:41,43214887190528.0
2019-04-12 00:26:41,43214887190528.0
2019-04-12 00:56:41,43214887190528.0
2019-04-12 01:26:41,43215728288290.13
2019-04-12 01:56:41,43215960932352.0
2019-04-12 02:26:41,43215960932352.0
2019-04-12 02:56:41,43215960932352.0
2019-04-12 03:26:41,43216381481233.07
2019-04-12 03:56:41,43216497803264.0
2019-04-12 04:26:41,43216497803264.0
2019-04-12 04:56:41,43216497803264.0
2019-04-12 05:26:41,43218600547669.336
2019-04-12 05:56:41,43219182157824.0
2019-04-12 06:26:41,43219182157824.0
2019-04-12 06:56:41,43219182157824.0
2019-04-12 07:26:41,43219602706705.07
2019-04-12 07:56:41,43219719028736.0
2019-04-12 08:26:41,43219719028736.0
2019-04-12 08:56:41,43219719028736.0
2019-04-12 09:26:41,43220560126498.13
2019-04-12 09:56:41,43221132788804.266
2019-04-12 10:26:41,43221329641472.0
2019-04-12 10:56:41,43221329641472.0
2019-04-12 11:26:41,43223011836996.266
2019-04-12 11:56:41,43223477125120.0
2019-04-12 12:26:41,43223584499302.4
2019-04-12 12:56:41,43225186164189.87
2019-04-12 13:26:41,43223897674001.07
2019-04-12 13:56:41,43224532971246.93
2019-04-12 14:26:41,43224255587942.4
2019-04-12 14:56:41,43224550866944.0
2019-04-12 15:26:41,43225391964706.13
2019-04-12 15:56:41,43225624608768.0
2019-04-12 16:26:41,43225660400162.13
2019-04-12 16:56:41,43228470024601.6
2019-04-12 17:26:41,43265013038011.734
2019-04-12 17:56:41,43265353056256.0
2019-04-12 18:26:41,43265648335257.6
2019-04-12 18:56:41,43267500539904.0
2019-04-12 19:26:41,43281664984132.27
2019-04-12 19:56:41,43294021962956.805
2019-04-12 20:26:41,43294344085504.0
2019-04-12 20:56:41,43294344085504.0
2019-04-12 21:26:41,43295185183266.13
2019-04-12 21:56:41,43295417827328.0
2019-04-12 22:26:41,43295417827328.0
2019-04-12 22:56:41,43295417827328.0
2019-04-12 23:26:41,43300974441267.195
2019-04-12 23:56:41,43305511000473.6
2019-04-13 00:26:41,43307909023880.53
2019-04-13 00:56:41,43310253360196.266
2019-04-13 01:26:41,43312481374481.07
2019-04-13 01:56:41,43313456689971.195
2019-04-13 02:26:41,43321688710621.87
2019-04-13 02:56:41,43330949733853.87
2019-04-13 03:26:41,43332837729894.4
2019-04-13 03:56:41,43334045689446.4
2019-04-13 04:26:41,43334698882389.336
2019-04-13 04:56:41,43335307336089.6
2019-04-13 05:26:41,43337785890133.336
2019-04-13 05:56:41,43338680674986.664
2019-04-13 06:26:41,43339441242112.0
2019-04-13 06:56:41,43339933373781.336
2019-04-13 07:26:41,43340935532817.07
2019-04-13 07:56:41,43342054013883.734
2019-04-13 08:26:41,43343324608375.47
2019-04-13 08:56:41,43344255184622.93
2019-04-13 09:26:41,43345865797358.93
2019-04-13 09:56:41,43346581625241.6
2019-04-13 10:26:41,43346957434880.0
2019-04-13 10:56:41,43352299300454.4
2019-04-13 11:26:41,43355189455530.664
2019-04-13 11:56:41,43356764276872.53
2019-04-13 12:26:41,43357936445030.4
2019-04-13 12:56:41,43359099665339.734
2019-04-13 13:26:41,43361041348471.47
2019-04-13 13:56:41,43362446160691.195
2019-04-13 14:26:41,43362965135906.13
2019-04-13 14:56:41,43363412528332.805
2019-04-13 15:26:41,43364638383581.87
2019-04-13 15:56:41,43365211045888.0
2019-04-13 16:26:41,43365219993736.53
2019-04-13 16:56:41,43365747916800.0
2019-04-13 17:26:41,43368235418692.266
2019-04-13 17:56:41,43368969142272.0
2019-04-13 18:26:41,43368969142272.0
2019-04-13 18:56:41,43368969142272.0
2019-04-13 19:26:41,43370221841066.664
2019-04-13 19:56:41,43370579755008.0
2019-04-13 20:26:41,43370579755008.0
2019-04-13 20:56:41,43370883981858.13
2019-04-13 21:26:41,43372378272563.195
2019-04-13 21:56:41,43373264109568.0
2019-04-13 22:26:41,43373264109568.0
2019-04-13 22:56:41,43373264109568.0
2019-04-13 23:26:41,43374525756211.195
2019-04-13 23:56:41,43374874722304.0
2019-04-14 00:26:41,43374892618001.07
2019-04-14 00:56:41,43374874722304.0
2019-04-14 01:26:41,43375295271185.07
2019-04-14 01:56:41,43375411593216.0
2019-04-14 02:26:41,43375411593216.0
2019-04-14 02:56:41,43375903724885.336
2019-04-14 03:26:41,43377746981683.195
2019-04-14 03:56:41,43378552288051.195
2019-04-14 04:26:41,43378632818688.0
2019-04-14 04:56:41,43378632818688.0
2019-04-14 05:26:41,43380315014212.266
2019-04-14 05:56:41,43380780302336.0
2019-04-14 06:26:41,43380780302336.0
2019-04-14 06:56:41,43380780302336.0
2019-04-14 07:26:41,43381200851217.07
2019-04-14 07:56:41,43381478234521.6
2019-04-14 08:26:41,43382525132800.0
2019-04-14 08:56:41,43382927785984.0
2019-04-14 09:26:41,43384609981508.266
2019-04-14 09:56:41,43385075269632.0
2019-04-14 10:26:41,43385075269632.0
2019-04-14 10:56:41,43385075269632.0
2019-04-14 11:26:41,43387598562918.4
2019-04-14 11:56:41,43388296495104.0
2019-04-14 12:26:41,43388296495104.0
2019-04-14 12:56:41,43388296495104.0
2019-04-14 13:26:41,43388717043985.07
2019-04-14 13:56:41,43388833366016.0
2019-04-14 14:26:41,43388833366016.0
2019-04-14 14:56:41,43388833366016.0
2019-04-14 15:26:41,43390166595447.47
2019-04-14 15:56:41,43390819788390.4
2019-04-14 16:26:41,43390980849664.0
2019-04-14 16:56:41,43391374554999.47
2019-04-14 17:26:41,43393593621435.734
2019-04-14 17:56:41,43394202075136.0
2019-04-14 18:26:41,43394989485806.93
2019-04-14 18:56:41,43395499513173.336
2019-04-14 19:26:41,43396233236753.07
2019-04-14 19:56:41,43396349558784.0
2019-04-14 20:26:41,43396349558784.0
2019-04-14 20:56:41,43396635889937.07
2019-04-14 21:26:41,43397306978577.07
2019-04-14 21:56:41,43397423300608.0
2019-04-14 22:26:41,43397655944669.87
2019-04-14 22:56:41,43397960171520.0
2019-04-14 23:26:41,43399642367044.266
2019-04-14 23:56:41,43400107655168.0
2019-04-15 00:26:41,43400528204049.07
2019-04-15 00:56:41,43401297719022.93
2019-04-15 01:26:41,43402138816785.07
2019-04-15 01:56:41,43402255138816.0
2019-04-15 02:26:41,43402255138816.0
2019-04-15 02:56:41,43402255138816.0
2019-04-15 03:26:41,43403624159641.6
2019-04-15 03:56:41,43403865751552.0
2019-04-15 04:26:41,43403865751552.0
2019-04-15 04:56:41,43403865751552.0
2019-04-15 05:26:41,43406389044838.4
2019-04-15 05:56:41,43407614900087.47
2019-04-15 06:26:41,43407623847936.0
2019-04-15 06:56:41,43407623847936.0
2019-04-15 07:26:41,43407623847936.0
2019-04-15 07:56:41,43407623847936.0
2019-04-15 08:26:41,43407704378572.805
2019-04-15 08:56:41,43408160718848.0
2019-04-15 09:26:41,43409001816610.13
2019-04-15 09:56:41,43409234460672.0
2019-04-15 10:26:41,43409681853098.664
2019-04-15 10:56:41,43409771331584.0
2019-04-15 11:26:41,43411874075989.336
2019-04-15 11:56:41,43412885182873.6
2019-04-15 12:26:41,43412992557056.0
2019-04-15 12:56:41,43413404158088.53
2019-04-15 13:26:41,43414370525730.13
2019-04-15 13:56:41,43414603169792.0
2019-04-15 14:26:41,43414603169792.0
2019-04-15 14:56:41,43414889500945.07
2019-04-15 15:26:41,43407883335543.47
2019-04-15 15:56:41,43408375467212.8
2019-04-15 16:26:41,43429304484932.266
2019-04-15 16:56:41,43429635555328.0
2019-04-15 17:26:41,43431317750852.266
2019-04-15 17:56:41,43431827778218.664
2019-04-15 18:26:41,43432319909888.0
2019-04-15 18:56:41,43433554712985.6
2019-04-15 19:26:41,43434887942417.07
2019-04-15 19:56:41,43435004264448.0
2019-04-15 20:26:41,43435022160145.07
2019-04-15 20:56:41,43435541135360.0
2019-04-15 21:26:41,43436382233122.13
2019-04-15 21:56:41,43436614877184.0
2019-04-15 22:26:41,43436614877184.0
2019-04-15 22:56:41,43436614877184.0
2019-04-15 23:26:41,43439558719351.47
2019-04-15 23:56:41,43440372973568.0
2019-04-16 00:26:41,43440498243447.47
2019-04-16 00:56:41,43440909844480.0
2019-04-16 01:26:41,43441330393361.07
2019-04-16 01:56:41,43441446715392.0
2019-04-16 02:26:41,43441750942242.13
2019-04-16 02:56:41,43442341500245.336
2019-04-16 03:26:41,43445589569262.93
2019-04-16 03:56:41,43446278553600.0
2019-04-16 04:26:41,43446278553600.0
2019-04-16 04:56:41,43446278553600.0
2019-04-16 05:26:41,43447978644821.336
2019-04-16 05:56:41,43448551307127.47
2019-04-16 06:26:41,43448962908160.0
2019-04-16 06:56:41,43448962908160.0
2019-04-16 07:26:41,43449392404889.6
2019-04-16 07:56:41,43449902432256.0
2019-04-16 08:26:41,43452184133632.0
2019-04-16 08:56:41,43452184133632.0
2019-04-16 09:26:41,43453043127091.195
2019-04-16 09:56:41,43453374197486.93
2019-04-16 10:26:41,43453794746368.0
2019-04-16 10:56:41,43453794746368.0
2019-04-16 11:26:41,43456282248260.27
2019-04-16 11:56:41,43474822190421.336
2019-04-16 12:26:41,43481577816064.0
2019-04-16 12:56:41,43482069947733.336
2019-04-16 13:26:41,43484575345322.664
2019-04-16 13:56:41,43491474136541.87
2019-04-16 14:26:41,43509790382489.59
2019-04-16 14:56:41,43514783281971.195
2019-04-16 15:26:41,43538334019310.93
2019-04-16 15:56:41,43557840329113.59
2019-04-16 16:26:41,43556632369561.6
2019-04-16 17:26:41,43565204408456.53
2019-04-16 17:56:41,43566000766976.0
2019-04-16 18:26:41,43568219833412.27
2019-04-16 18:56:41,43573651177472.0
2019-04-16 19:26:41,43579180947865.6
2019-04-16 19:56:41,43582509547520.0
2019-04-16 20:26:41,43584791248896.0
2019-04-16 20:56:41,43584988101563.734
2019-04-16 21:26:41,43586974523938.13
2019-04-16 21:56:41,43589086216192.0
2019-04-16 22:26:41,43589981001045.336
2019-04-16 22:56:41,43590159958016.0
2019-04-16 23:26:41,43592522190028.805
2019-04-16 23:56:41,43595501823590.4
2019-04-17 00:26:41,43596844000870.4
2019-04-17 00:56:41,43598409874363.734
2019-04-17 01:26:41,43599832582280.53
2019-04-17 01:56:41,43601470038562.13
2019-04-17 02:26:41,43603044859904.0
2019-04-17 02:56:41,43603420669542.4
2019-04-17 03:26:41,43603581730816.0
2019-04-17 03:56:41,43604038071091.195
2019-04-17 04:26:41,43604628629094.4
2019-04-17 04:56:41,43605201291400.53
2019-04-17 05:26:41,43605729214464.0
2019-04-17 05:56:41,43606623999317.336
2019-04-17 06:26:41,43607214557320.53
2019-04-17 06:56:41,43607411409988.266
2019-04-17 07:26:41,43608869909299.195
2019-04-17 07:56:41,43609487310848.0
2019-04-17 08:26:41,43609487310848.0
2019-04-17 08:56:41,43609907859729.07
2019-04-17 09:26:41,43611563211707.734
2019-04-17 09:56:41,43612216404650.664
2019-04-17 10:26:41,43612708536320.0
2019-04-17 10:56:41,43612896441139.195
2019-04-17 11:26:41,43613773330295.47
2019-04-17 11:56:41,43615500265062.4
2019-04-17 12:26:41,43615929761792.0
2019-04-17 12:56:41,43616251884339.195
2019-04-17 13:26:41,43616466632704.0
2019-04-17 13:56:41,43616869285888.0
2019-04-17 14:26:41,43617603009467.73
2019-04-17 14:56:41,43618077245440.0
2019-04-17 15:26:41,43618077245440.0
2019-04-17 15:56:41,43618506742169.6
2019-04-17 16:26:41,43619025717384.53
2019-04-17 16:56:41,43621513219276.805
2019-04-17 17:26:41,43631856932181.336
2019-04-17 17:56:41,43632850143368.53
2019-04-17 18:26:41,43633288587946.664
2019-04-17 18:56:41,43633861250252.805
2019-04-17 19:26:41,43634845513591.47
2019-04-17 19:56:41,43639346281403.734
2019-04-17 20:26:41,43644222858854.4
2019-04-17 20:56:41,43645994532864.0
2019-04-17 21:26:41,43646128750592.0
2019-04-17 21:56:41,43646531403776.0
2019-04-17 22:26:41,43647059326839.47
2019-04-17 22:56:41,43647605145600.0
2019-04-17 23:26:41,43648025694481.07
2019-04-17 23:56:41,43648142016512.0
2019-04-18 00:26:41,43648142016512.0
2019-04-18 00:56:41,43648142016512.0
2019-04-18 01:26:41,43648142016512.0
2019-04-18 01:56:41,43648652043878.4
2019-04-18 02:26:41,43650298448008.53
2019-04-18 02:56:41,43664203404629.336
2019-04-18 03:26:41,43677016723729.07
2019-04-18 03:56:41,43677517803246.93
2019-04-18 04:26:41,43677723603763.195
2019-04-18 04:56:41,43678412588100.266
2019-04-18 05:26:41,43679280529408.0
2019-04-18 05:56:41,43679280529408.0
2019-04-18 06:26:41,43679280529408.0
2019-04-18 06:56:41,43679280529408.0
2019-04-18 07:26:41,43679280529408.0
2019-04-18 07:56:41,43679280529408.0
2019-04-18 08:26:41,43679280529408.0
2019-04-18 08:56:41,43679566860561.07
2019-04-18 09:26:41,43679853191714.13
2019-04-18 09:56:41,43681266951782.4
2019-04-18 10:26:41,43681428013056.0
2019-04-18 10:56:41,43681955936119.47
2019-04-18 11:26:41,43682868616669.87
2019-04-18 11:56:41,43683289165550.93
2019-04-18 12:26:41,43684166054707.195
2019-04-18 12:56:41,43684810299801.6
2019-04-18 13:26:41,43685195057288.53
2019-04-18 13:56:41,43685973520110.93
2019-04-18 14:26:41,43687789933363.195
2019-04-18 14:56:41,43689901625617.07
2019-04-18 15:26:41,43690823254016.0
2019-04-18 15:56:41,43692263857629.87
2019-04-18 16:26:41,43693588139212.805
2019-04-18 16:56:41,43694536611157.336
2019-04-18 17:26:41,43697229913565.87
2019-04-18 17:56:41,43701524880861.87
2019-04-18 18:26:41,43707027807709.87
2019-04-18 18:56:41,43710893278276.266
2019-04-18 19:26:41,43712432308224.0
2019-04-18 19:56:41,43713434467259.734
2019-04-18 20:26:41,43714687166054.4
2019-04-18 20:56:41,43717085189461.336
2019-04-18 21:26:41,43719223725260.805
2019-04-18 21:56:41,43719975344537.6
2019-04-18 22:26:41,43721084877755.73
2019-04-18 22:56:41,43722588116309.336
2019-04-18 23:26:41,43725093513898.664
2019-04-18 23:56:41,43726373056238.94
2019-04-19 00:26:41,43727482589457.07
2019-04-19 00:56:41,43728627914069.336
2019-04-19 01:26:41,43729630073105.07
2019-04-19 01:56:41,43730184839714.13
2019-04-19 02:26:41,43731634391176.53
2019-04-19 02:56:41,43732743924394.67
2019-04-19 03:26:41,43734327693585.07
2019-04-19 03:56:41,43734873512345.6
2019-04-19 04:26:41,43735651975168.0
2019-04-19 04:56:41,43735741453653.336
2019-04-19 05:26:41,43736609394961.07
2019-04-19 05:56:41,43736886778265.6
2019-04-19 06:26:41,43738139477060.266
2019-04-19 06:56:41,43738336329728.0
2019-04-19 07:26:41,43739079001156.266
2019-04-19 07:56:41,43739410071552.0
2019-04-19 08:26:41,43739410071552.0
2019-04-19 08:56:41,43739499550037.336
2019-04-19 09:26:41,43740358543496.53
2019-04-19 09:56:41,43740832779468.805
2019-04-19 10:26:41,43741906521292.805
2019-04-19 10:56:41,43742854993237.336
2019-04-19 11:26:41,43744698250035.195
2019-04-19 11:56:41,43745378286523.734
2019-04-19 12:26:41,43746031479466.664
2019-04-19 12:56:41,43746389393408.0
2019-04-19 13:26:41,43746425184802.13
2019-04-19 13:56:41,43746926264320.0
2019-04-19 14:26:41,43747409448140.805
2019-04-19 14:56:41,43748474242116.266
2019-04-19 15:26:41,43751122805282.13
2019-04-19 15:56:41,43751883372407.47
2019-04-19 16:26:41,43752572356744.53
2019-04-19 16:56:41,43753368715264.0
2019-04-19 17:26:41,43755954643490.13
2019-04-19 17:56:41,43757663682560.0
2019-04-19 18:26:41,43757842639530.664
2019-04-19 18:56:41,43760902803729.06
2019-04-19 19:26:41,43761931806310.4
2019-04-19 19:56:41,43762495520768.0
2019-04-19 20:26:41,43762504468616.53
2019-04-19 20:56:41,43763282931438.93
2019-04-19 21:26:41,43764974074811.734
2019-04-19 21:56:41,43765976233847.47
2019-04-19 22:26:41,43766253617152.0
2019-04-19 22:56:41,43766772592366.93
2019-04-19 23:26:41,43766862070852.266
2019-04-19 23:56:41,43767327358976.0
2019-04-20 00:26:41,43767327358976.0
2019-04-20 00:56:41,43768454787891.2
2019-04-20 01:26:41,43770494897356.805
2019-04-20 01:56:41,43771541795635.195
2019-04-20 02:26:41,43772194988578.13
2019-04-20 02:56:41,43772696068096.0
2019-04-20 03:26:41,43773232939008.0
2019-04-20 03:56:41,43773742966374.4
2019-04-20 04:26:41,43773769809920.0
2019-04-20 04:56:41,43774557220590.94
2019-04-20 05:26:41,43776552590813.87
2019-04-20 05:56:41,43777456323515.734
2019-04-20 06:26:41,43777527906304.0
2019-04-20 06:56:41,43777841081002.664
2019-04-20 07:26:41,43778064777216.0
2019-04-20 07:56:41,43778503221794.13
2019-04-20 08:26:41,43778852187886.93
2019-04-20 08:56:41,43779738024891.734
2019-04-20 09:26:41,43780212260864.0
2019-04-20 09:56:41,43780623861896.53
2019-04-20 10:26:41,43781330741930.664
2019-04-20 10:56:41,43781822873600.0
2019-04-20 11:26:41,43782637127816.53
2019-04-20 11:56:41,43783549808366.93
2019-04-20 12:26:41,43784113522824.53
2019-04-20 12:56:41,43785554126438.4
2019-04-20 13:26:41,43788068471876.266
2019-04-20 13:56:41,43789339066368.0
2019-04-20 14:26:41,43789875937280.0
2019-04-20 14:56:41,43790251746918.4
2019-04-20 15:26:41,43791370227985.07
2019-04-20 15:56:41,43791701298380.805
2019-04-20 16:26:41,43792479761203.195
2019-04-20 16:56:41,43793097162752.0
2019-04-20 17:26:41,43793508763784.53
2019-04-20 17:56:41,43793965104059.734
2019-04-20 18:26:41,43794537766365.87
2019-04-20 18:56:41,43794940419549.87
2019-04-20 19:26:41,43795665195281.07
2019-04-20 19:56:41,43795960474282.664
2019-04-20 20:26:41,43796318388224.0
2019-04-20 20:56:41,43796497345194.664
2019-04-20 21:26:41,43797696356898.13
2019-04-20 21:56:41,43798313758446.93
2019-04-20 22:26:41,43799315917482.664
2019-04-20 22:56:41,43799539613696.0
2019-04-20 23:26:41,43800219650184.53
2019-04-20 23:56:41,43801150226432.0
2019-04-21 00:26:41,43801883950011.73
2019-04-21 00:56:41,43802760839168.0
2019-04-21 01:26:41,43803548249838.93
2019-04-21 01:56:41,43803834580992.0
2019-04-21 02:26:41,43804138807842.13
2019-04-21 02:56:41,43804371451904.0
2019-04-21 03:26:41,43805427298030.93
2019-04-21 03:56:41,43806456300612.27
2019-04-21 04:26:41,43807592677376.0
2019-04-21 04:56:41,43807592677376.0
2019-04-21 05:26:41,43808594836411.73
2019-04-21 05:56:41,43809203290112.0
2019-04-21 06:26:41,43809274872900.266
2019-04-21 06:56:41,43809874378752.0
2019-04-21 07:26:41,43810733372211.195
2019-04-21 07:56:41,43811350773760.0
2019-04-21 08:26:41,43811735531246.93
2019-04-21 08:56:41,43811887644672.0
2019-04-21 09:26:41,43813006125738.664
2019-04-21 09:56:41,43813793536409.6
2019-04-21 10:26:41,43814571999232.0
2019-04-21 10:56:41,43814679373414.4
2019-04-21 11:26:41,43815949967906.13
2019-04-21 11:56:41,43816531578060.805
2019-04-21 12:26:41,43817793224704.0
2019-04-21 12:56:41,43817793224704.0
2019-04-21 13:26:41,43818705905254.4
2019-04-21 13:56:41,43818866966528.0
2019-04-21 14:26:41,43819663325047.47
2019-04-21 14:56:41,43821157615752.53
2019-04-21 15:26:41,43822634010760.53
2019-04-21 15:56:41,43823161933824.0
2019-04-21 16:26:41,43823841970312.53
2019-04-21 16:56:41,43824235675648.0
2019-04-21 17:26:41,43826821603874.13
2019-04-21 17:56:41,43828530642944.0
2019-04-21 18:26:41,43828530642944.0
2019-04-21 18:56:41,43829013826764.805
2019-04-21 19:26:41,43829908611618.13
2019-04-21 19:56:41,43830526013166.93
2019-04-21 20:26:41,43830678126592.0
2019-04-21 20:56:41,43830678126592.0
2019-04-21 21:26:41,43832020303872.0
2019-04-21 21:56:41,43833425116091.734
2019-04-21 22:26:41,43834418327278.93
2019-04-21 22:56:41,43834436222976.0
2019-04-21 23:26:41,43837344273749.336
2019-04-21 23:56:41,43838579076846.93
2019-04-22 00:26:41,43839563340185.6
2019-04-22 00:56:41,43840252324522.664
2019-04-22 01:26:41,43841120265830.4
2019-04-22 01:56:41,43792667666022.4
2019-04-22 02:26:41,43784185105612.805
2019-04-22 02:56:41,43784507228160.0
2019-04-22 03:26:41,43785706239863.47
2019-04-22 03:56:41,43787146843477.336
2019-04-22 04:26:41,43787692662237.87
2019-04-22 04:56:41,43790332277555.195
2019-04-22 05:26:41,43792112899413.336
2019-04-22 05:56:41,43793446128844.805
2019-04-22 06:26:41,43793634033664.0
2019-04-22 06:56:41,43793965104059.734
2019-04-22 07:26:41,43795754673766.4
2019-04-22 07:56:41,43796855259136.0
2019-04-22 08:26:41,43796882102681.6
2019-04-22 08:56:41,43797392130048.0
2019-04-22 09:26:41,43798233227810.13
2019-04-22 09:56:41,43799638040029.87
2019-04-22 10:26:41,43804129859993.6
2019-04-22 10:56:41,43804371451904.0
2019-04-22 11:26:41,43806098386670.94
2019-04-22 11:56:41,43807127389252.266
2019-04-22 12:26:41,43807780582195.195
2019-04-22 12:56:41,43808129548288.0
2019-04-22 13:26:41,43809641734690.13
2019-04-22 13:56:41,43810277031936.0
2019-04-22 14:26:41,43810411249664.0
2019-04-22 14:56:41,43793097162752.0
2019-04-22 15:26:41,43791128636074.664
2019-04-22 15:56:41,43791907098897.07
2019-04-22 16:26:41,43792461865506.13
2019-04-22 16:56:41,43792900310084.266
2019-04-22 17:26:41,43796112587707.73
2019-04-22 17:56:41,43799208543300.266
2019-04-22 18:26:41,43799539613696.0
2019-04-22 18:56:41,43799673831424.0
2019-04-22 19:26:41,43801168122129.06
2019-04-22 19:56:41,43803082961715.195
2019-04-22 20:26:41,43803297710080.0
2019-04-22 20:56:41,43803780893900.805
2019-04-22 21:26:41,43804792000785.07
2019-04-22 21:56:41,43805445193728.0
2019-04-22 22:26:41,43805445193728.0
2019-04-22 22:56:41,43805803107669.336
2019-04-22 23:26:41,43807664260164.266
2019-04-22 23:56:41,43808478514380.805
2019-04-23 00:26:41,43808666419200.0
2019-04-23 00:56:41,43808943802504.53
2019-04-23 01:26:41,43809570151901.87
2019-04-23 01:56:41,43810438093209.6
2019-04-23 02:26:41,43811350773760.0
2019-04-23 02:56:41,43811350773760.0
2019-04-23 03:26:41,43812540837614.94
2019-04-23 03:56:41,43813498257408.0
2019-04-23 04:26:41,43813954597683.195
2019-04-23 04:56:41,43814571999232.0
2019-04-23 05:26:41,43815833645875.195
2019-04-23 05:56:41,43816594213000.53
2019-04-23 06:26:41,43816862648456.53
2019-04-23 06:56:41,43817793224704.0
2019-04-23 07:26:41,43818679061708.805
2019-04-23 07:56:41,43818983288558.93
2019-04-23 08:26:41,43819403837440.0
2019-04-23 08:56:41,43819403837440.0
2019-04-23 09:26:41,43820244935202.13
2019-04-23 09:56:41,43820477579264.0
2019-04-23 10:26:41,43820477579264.0
2019-04-23 10:56:41,43820477579264.0
2019-04-23 11:26:41,43824226727799.47
2019-04-23 11:56:41,43826204202325.336
2019-04-23 12:26:41,43826588959812.266
2019-04-23 12:56:41,43826920030208.0
2019-04-23 13:26:41,43827340579089.07
2019-04-23 13:56:41,43827456901120.0
2019-04-23 14:26:41,43828879609036.805
2019-04-23 14:56:41,43833926195609.6
2019-04-23 15:26:41,43835760504558.93
2019-04-23 15:56:41,43836046835712.0
2019-04-23 16:26:41,43836565810926.93
2019-04-23 16:56:41,43836583706624.0
2019-04-23 17:26:41,43838382224179.195
2019-04-23 17:56:41,43838731190272.0
2019-04-23 18:26:41,43839268061184.0
2019-04-23 18:56:41,43839679662216.53
2019-04-23 19:26:41,43841496075468.805
2019-04-23 19:56:41,43841952415744.0
2019-04-23 20:26:41,43842041894229.336
2019-04-23 20:56:41,43843044053265.06
2019-04-23 21:26:41,43843903046724.266
2019-04-23 21:56:41,43844234117120.0
2019-04-23 22:26:41,43845361546035.195
2019-04-23 22:56:41,43845755251370.664
2019-04-23 23:26:41,43847088480802.13
2019-04-23 23:56:41,43847321124864.0
2019-04-24 00:26:41,43848350127445.336
2019-04-24 00:56:41,43848770676326.4
2019-04-24 01:26:41,43848931737600.0
2019-04-24 01:56:41,43849334390784.0
2019-04-24 02:26:41,43849468608512.0
2019-04-24 02:56:41,43850068114363.734
2019-04-24 03:26:41,43850542350336.0
2019-04-24 03:56:41,43856761105066.664
2019-04-24 04:26:41,43862890381312.0
2019-04-24 04:56:41,43862988807645.87
2019-04-24 05:26:41,43863847801105.07
2019-04-24 05:56:41,43864008862378.664
2019-04-24 06:26:41,43864500994048.0
2019-04-24 06:56:41,43864554681139.195
2019-04-24 07:26:41,43865037864960.0
2019-04-24 07:56:41,43865037864960.0
2019-04-24 08:26:41,43865807379933.87
2019-04-24 08:56:41,43866818486818.13
2019-04-24 09:26:41,43868026446370.13
2019-04-24 09:56:41,43868339621068.805
2019-04-24 10:26:41,43869314936558.93
2019-04-24 10:56:41,43869869703168.0
2019-04-24 11:26:41,43870531843959.47
2019-04-24 11:56:41,43870952392840.53
2019-04-24 12:26:41,43871480315904.0
2019-04-24 12:56:41,43872187195938.13
2019-04-24 13:26:41,43873538321066.664
2019-04-24 13:56:41,43873994661341.87
2019-04-24 14:26:41,43874468897314.13
2019-04-24 14:56:41,43874808915558.4
2019-04-24 15:26:41,43877251678208.0
2019-04-24 15:56:41,43971866228599.47
2019-04-24 16:26:41,43975248515345.07
2019-04-24 16:56:41,43975874864742.4
2019-04-24 17:26:41,43977288624810.664
2019-04-24 17:56:41,43978040244087.47
2019-04-24 18:56:41,43980318962847.29
2019-04-24 19:26:41,43980447215342.93
2019-04-24 19:56:41,43983113674205.87
2019-04-24 20:26:41,43988545018265.6
2019-04-24 20:56:41,43988518174720.0
2019-04-24 21:26:41,43990343535820.805
2019-04-24 21:56:41,43992813142016.0
2019-04-24 22:26:41,43993332117230.94
2019-04-24 22:56:41,43993994258022.4
2019-04-24 23:26:41,43994844303633.07
2019-04-24 23:56:41,43995085895543.47
2019-04-25 00:26:41,43996562290551.47
2019-04-25 00:56:41,43997877624285.87
2019-04-25 01:26:41,43999461393476.266
2019-04-25 01:56:41,44000329334784.0
2019-04-25 02:26:41,44000400917572.266
2019-04-25 02:56:41,44000767779362.13
2019-04-25 03:26:41,44001412024456.53
2019-04-25 03:56:41,44002056269550.93
2019-04-25 04:26:41,44003282124800.0
2019-04-25 04:56:41,44003550560256.0
2019-04-25 05:26:41,44003666882286.93
2019-04-25 05:56:41,44004087431168.0
2019-04-25 06:26:41,44004579562837.336
2019-04-25 06:56:41,44005161172992.0
2019-04-25 07:26:41,44005510139084.8
2019-04-25 07:56:41,44006324393301.336
2019-04-25 08:26:41,44007371291579.734
2019-04-25 08:56:41,44007326552337.07
2019-04-25 09:26:41,44007380239428.266
2019-04-25 09:56:41,44007782892612.266
2019-04-25 10:26:41,44008113963008.0
2019-04-25 10:56:41,44008382398464.0
2019-04-25 11:26:41,44009232444074.664
2019-04-25 11:56:41,44010538829960.53
2019-04-25 12:26:41,44011013065932.805
2019-04-25 12:56:41,44013250028066.13
2019-04-25 13:26:41,44013285819460.266
2019-04-25 13:56:41,44014484831163.734
2019-04-25 14:26:41,44014386404829.87
2019-04-25 14:56:41,44015325928925.87
2019-04-25 15:26:41,44015925434777.6
2019-04-25 15:56:41,44015952278323.195
2019-04-25 16:26:41,44016372827204.266
2019-04-25 16:56:41,44016990228753.06
2019-04-25 17:26:41,44023710063001.6
2019-04-25 17:56:41,44026895497079.47
2019-04-25 18:26:41,44026814966442.664
2019-04-25 18:56:41,44027414472294.4
2019-04-25 19:26:41,44028022925994.664
2019-04-25 19:56:41,44028837180211.195
2019-04-25 20:26:41,44029606695185.07
2019-04-25 20:56:41,44030394105856.0
2019-04-25 21:26:41,44030939924616.53
2019-04-25 21:56:41,44032201571259.734
2019-04-25 22:26:41,44032595276595.195
2019-04-25 22:56:41,44033329000174.93
2019-04-25 23:26:41,44034572751121.07
2019-04-25 23:56:41,44034689073152.0
2019-04-26 00:26:41,44035055934941.87
2019-04-26 00:56:41,44035261735458.13
2019-04-26 01:26:41,44035762814976.0
2019-04-26 01:56:41,44035762814976.0
2019-04-26 02:26:41,44036469695010.13
2019-04-26 02:56:41,44037122887953.07
2019-04-26 03:26:41,44038384534596.27
2019-04-26 03:56:41,44039386693632.0
2019-04-26 04:26:41,44039520911360.0
2019-04-26 04:56:41,44039834086058.664
2019-04-26 05:26:41,44043100050773.336
2019-04-26 05:56:41,44043386381926.4
2019-04-26 06:26:41,44043941148535.47
2019-04-26 06:56:41,44044522758690.13
2019-04-26 07:26:41,44045381752149.336
2019-04-26 07:56:41,44045963362304.0
2019-04-26 08:26:41,44046088632183.46
2019-04-26 08:56:41,44046500233216.0
2019-04-26 09:26:41,44046500233216.0
2019-04-26 09:56:41,44047144478310.4
2019-04-26 10:26:41,44049059317896.53
2019-04-26 10:56:41,43705291879903.25
2019-04-26 11:26:41,43954789259673.6
2019-04-26 11:56:41,43829348376879.41
2019-04-26 12:26:41,43807001983799.336
2019-04-26 12:56:41,43753901112251.73
2019-04-26 13:26:41,44054884367291.734
2019-04-26 13:56:41,44055278072627.195
2019-04-26 14:26:41,44058669307221.336
2019-04-26 14:56:41,44060458876928.0
2019-04-26 15:26:41,44061308922538.664
2019-04-26 15:56:41,44061532618752.0
2019-04-26 16:26:41,44061863689147.734
2019-04-26 16:56:41,44062266342331.734
2019-04-26 17:26:41,44063868007219.195
2019-04-26 17:56:41,44064431721676.805
2019-04-26 18:26:41,44066641840264.53
2019-04-26 18:56:41,44068171922363.734
2019-04-26 19:26:41,44069183029248.0
2019-04-26 19:56:41,44069710952311.47
2019-04-26 20:26:41,44070587841467.734
2019-04-26 20:56:41,44070793641984.0
2019-04-26 21:26:41,44071688426837.336
2019-04-26 21:56:41,44074945443703.46
2019-04-26 22:26:41,44077862442325.336
2019-04-26 22:56:41,44079938343185.06
2019-04-26 23:26:41,44081334207556.27
2019-04-26 23:56:41,44081933713408.0
2019-04-27 00:26:41,44081987400499.2
2019-04-27 00:56:41,44082470584320.0
2019-04-27 01:26:41,44083687491720.53
2019-04-27 01:56:41,44084081197056.0
2019-04-27 02:26:41,44084394371754.664
2019-04-27 02:56:41,44084618067968.0
2019-04-27 03:26:41,44085110199637.336
2019-04-27 03:56:41,44085691809792.0
2019-04-27 04:26:41,44086183941461.336
2019-04-27 04:56:41,44086228680704.0
2019-04-27 05:26:41,44086649229585.07
2019-04-27 05:56:41,44086765551616.0
2019-04-27 06:26:41,44086792395161.6
2019-04-27 06:56:41,44087302422528.0
2019-04-27 07:26:41,44087302422528.0
2019-04-27 07:56:41,44087302422528.0
2019-04-27 08:26:41,44087302422528.0
2019-04-27 08:56:41,44087794554197.336
2019-04-27 09:26:41,44087839293440.0
2019-04-27 09:56:41,44088224050926.93
2019-04-27 10:26:41,44088376164352.0
2019-04-27 10:56:41,44088725130444.805
2019-04-27 11:26:41,44089924142148.266
2019-04-27 11:56:41,44090595230788.266
2019-04-27 12:26:41,44091060518912.0
2019-04-27 12:56:41,44091293162973.87
2019-04-27 13:26:41,44092053730099.195
2019-04-27 13:56:41,44092161104281.6
2019-04-27 14:26:41,44092572705314.13
2019-04-27 14:56:41,44093208002560.0
2019-04-27 15:26:41,44093968569685.336
2019-04-27 15:56:41,44094281744384.0
2019-04-27 16:26:41,44095257059874.13
2019-04-27 16:56:41,44096241323212.805
2019-04-27 17:26:41,44096429228032.0
2019-04-27 17:56:41,44096429228032.0
2019-04-27 18:26:41,44096715559185.07
2019-04-27 18:56:41,44097341908582.4
2019-04-27 19:26:41,44103721724586.664
2019-04-27 19:56:41,44106629775360.0
2019-04-27 20:26:41,44106629775360.0
2019-04-27 20:56:41,44106629775360.0
2019-04-27 21:26:41,44107318759697.07
2019-04-27 21:56:41,44108240388096.0
2019-04-27 22:26:41,44108267231641.6
2019-04-27 22:56:41,44109162016494.93
2019-04-27 23:26:41,44109314129920.0
2019-04-27 23:56:41,44109314129920.0
2019-04-28 00:26:41,44110074697045.336
2019-04-28 00:56:41,44110387871744.0
2019-04-28 01:26:41,44110387871744.0
2019-04-28 01:56:41,44110522089472.0
2019-04-28 02:26:41,44110924742656.0
2019-04-28 02:56:41,44110924742656.0
2019-04-28 03:26:41,44111765840418.13
2019-04-28 03:56:41,44112043223722.664
2019-04-28 04:26:41,44111998484480.0
2019-04-28 04:56:41,44111998484480.0
2019-04-28 05:26:41,44112839582242.13
2019-04-28 05:56:41,44113072226304.0
2019-04-28 06:26:41,44113072226304.0
2019-04-28 06:56:41,44113072226304.0
2019-04-28 07:26:41,44113618045064.53
2019-04-28 07:56:41,44114145968128.0
2019-04-28 08:26:41,44114145968128.0
2019-04-28 08:56:41,44114145968128.0
2019-04-28 09:26:41,44114145968128.0
2019-04-28 09:56:41,44114145968128.0
2019-04-28 10:26:41,44114145968128.0
2019-04-28 10:56:41,44114673891191.47
2019-04-28 11:26:41,44114682839040.0
2019-04-28 11:56:41,44115837111500.805
2019-04-28 12:26:41,44136694546432.0
2019-04-28 12:56:41,44137186678101.336
2019-04-28 13:26:41,44137669861922.13
2019-04-28 13:56:41,44138833082231.47
2019-04-28 14:26:41,44141651654519.47
2019-04-28 14:56:41,44146447701333.336
2019-04-28 15:26:41,44147727243673.6
2019-04-28 15:56:41,44150366858990.93
2019-04-28 16:26:41,44150894782054.4
2019-04-28 16:56:41,44151190061056.0
2019-04-28 17:26:41,44152621716821.336
2019-04-28 17:56:41,44153427023189.336
2019-04-28 18:26:41,44154357599436.805
2019-04-28 18:56:41,44155189749350.4
2019-04-28 19:26:41,44155869785838.93
2019-04-28 19:56:41,44156021899264.0
2019-04-28 20:26:41,44156021899264.0
2019-04-28 20:56:41,44156021899264.0
2019-04-28 21:26:41,44156442448145.07
2019-04-28 21:56:41,44156558770176.0
2019-04-28 22:26:41,44156898788420.266
2019-04-28 22:56:41,44157095641088.0
2019-04-28 23:26:41,44157632512000.0
2019-04-28 23:56:41,44158652566732.805
2019-04-29 00:26:41,44158706253824.0
2019-04-29 00:56:41,44158706253824.0
2019-04-29 01:26:41,44158706253824.0
2019-04-29 01:56:41,44158706253824.0
2019-04-29 02:26:41,44158706253824.0
2019-04-29 02:56:41,44158706253824.0
2019-04-29 03:26:41,44159117854856.53
2019-04-29 03:56:41,44159243124736.0
2019-04-29 04:26:41,44159243124736.0
2019-04-29 04:56:41,44159699465011.195
2019-04-29 05:26:41,44160603197713.07
2019-04-29 05:56:41,44160853737472.0
2019-04-29 06:26:41,44160853737472.0
2019-04-29 06:56:41,44160853737472.0
2019-04-29 07:26:41,44160853737472.0
2019-04-29 07:56:41,44160853737472.0
2019-04-29 08:26:41,44160853737472.0
2019-04-29 08:56:41,44161292182050.13
2019-04-29 09:26:41,44162213810449.07
2019-04-29 09:56:41,44160495823530.664
2019-04-29 10:26:41,44157310389452.805
2019-04-29 10:56:41,44157650407697.07
2019-04-29 11:26:41,44158831523703.47
2019-04-29 11:56:41,44159923161224.53
2019-04-29 12:26:41,44160316866560.0
2019-04-29 12:56:41,44160316866560.0
2019-04-29 13:26:41,44160406345045.336
2019-04-29 13:56:41,44162016957781.336
2019-04-29 14:26:41,44184171830749.87
2019-04-29 14:56:41,44189307895808.0
2019-04-29 15:26:41,44189576331264.0
2019-04-29 15:56:41,44189388426444.805
2019-04-29 16:26:41,44189424217838.93
2019-04-29 16:56:41,44189388426444.805
2019-04-29 17:26:41,44190551646754.13
2019-04-29 17:56:41,44191696971366.4
2019-04-29 18:26:41,44191992250368.0
2019-04-29 18:56:41,44193048096494.93
2019-04-29 19:26:41,44193065992192.0
2019-04-29 19:56:41,44193236001314.13
2019-04-29 20:26:41,44193692341589.336
2019-04-29 20:56:41,44193602863104.0
2019-04-29 21:26:41,44193602863104.0
2019-04-29 21:56:41,44193602863104.0
2019-04-29 22:26:41,44194273951744.0
2019-04-29 22:56:41,44194676604928.0
2019-04-29 23:26:41,44194694500625.07
2019-04-29 23:56:41,44194676604928.0
2019-04-30 00:26:41,44194766083413.336
2019-04-30 00:56:41,44194712396322.13
2019-04-30 01:26:41,44194953988232.53
2019-04-30 01:56:41,44195213475840.0
2019-04-30 02:26:41,44195410328507.734
2019-04-30 02:56:41,44195750346752.0
2019-04-30 03:26:41,44195750346752.0
2019-04-30 03:56:41,44195750346752.0
2019-04-30 04:26:41,44195750346752.0
2019-04-30 04:56:41,44195750346752.0
2019-04-30 05:26:41,44196170895633.07
2019-04-30 05:56:41,44196287217664.0
2019-04-30 06:26:41,44196287217664.0
2019-04-30 06:56:41,44196323009058.13
2019-04-30 07:26:41,44196287217664.0
2019-04-30 07:56:41,44196287217664.0
2019-04-30 08:26:41,44196287217664.0
2019-04-30 08:56:41,44196501966028.805
2019-04-30 09:26:41,44196824088576.0
2019-04-30 09:56:41,44196824088576.0
2019-04-30 10:26:41,44196824088576.0
2019-04-30 10:56:41,44197602551398.4
2019-04-30 11:26:41,44198372066372.27
2019-04-30 11:56:41,44199087894254.93
2019-04-30 12:26:41,44199508443136.0
2019-04-30 12:56:41,44199508443136.0
2019-04-30 13:26:41,44200394280140.805
2019-04-30 13:56:41,44201119055872.0
2019-04-30 14:26:41,44201119055872.0
2019-04-30 14:56:41,44201119055872.0
2019-04-30 15:26:41,44201119055872.0
2019-04-30 15:56:41,44201119055872.0
2019-04-30 16:26:41,44201119055872.0
2019-04-30 16:56:41,44201119055872.0
2019-04-30 17:26:41,44201960153634.13
2019-04-30 17:56:41,44202443337454.93
2019-04-30 18:26:41,44202729668608.0
2019-04-30 18:56:41,44202729668608.0
2019-04-30 19:26:41,44202729668608.0
2019-04-30 19:56:41,44202729668608.0
2019-04-30 20:26:41,44202729668608.0
2019-04-30 20:56:41,44202729668608.0
2019-04-30 21:26:41,44202729668608.0
2019-04-30 21:56:41,44202729668608.0
2019-04-30 22:26:41,44202980208366.93
2019-04-30 22:56:41,44203266539520.0
2019-04-30 23:26:41,44204197115767.47
2019-04-30 23:56:41,44204340281344.0
2019-05-01 00:26:41,44204635560345.6
2019-05-01 00:56:41,44204921891498.664
2019-05-01 01:26:41,44205834572049.07
2019-05-01 01:56:41,44205950894080.0
2019-05-01 02:26:41,44205950894080.0
2019-05-01 02:56:41,44205950894080.0
2019-05-01 03:26:41,44206371442961.07
2019-05-01 03:56:41,44206487764992.0
2019-05-01 04:26:41,44206487764992.0
2019-05-01 04:56:41,44206487764992.0
2019-05-01 05:26:41,44207328862754.13
2019-05-01 05:56:41,44207561506816.0
2019-05-01 06:26:41,44207561506816.0
2019-05-01 06:56:41,44207561506816.0
2019-05-01 07:26:41,44207561506816.0
2019-05-01 07:56:41,44207561506816.0
2019-05-01 08:26:41,44207561506816.0
2019-05-01 08:56:41,44207820994423.47
2019-05-01 09:26:41,44208098377728.0
2019-05-01 09:56:41,44208098377728.0
2019-05-01 10:26:41,44208161012667.734
2019-05-01 10:56:41,44208635248640.0
2019-05-01 11:26:41,44210621671014.4
2019-05-01 11:56:41,44211605934353.07
2019-05-01 12:26:41,44211856474112.0
2019-05-01 12:56:41,44211856474112.0
2019-05-01 13:26:41,44212688624025.6
2019-05-01 13:56:41,44213180755694.93
2019-05-01 14:26:41,44213467086848.0
2019-05-01 14:56:41,44213467086848.0
2019-05-01 15:26:41,44213887635729.07
2019-05-01 15:56:41,44214003957760.0
2019-05-01 16:26:41,44214003957760.0
2019-05-01 16:56:41,44214003957760.0
2019-05-01 17:26:41,44215256656554.664
2019-05-01 17:56:41,44216205128499.195
2019-05-01 18:26:41,44216294606984.53
2019-05-01 18:56:41,44216768842956.805
2019-05-01 19:26:41,44217225183232.0
2019-05-01 19:56:41,44217225183232.0
2019-05-01 20:26:41,44217225183232.0
2019-05-01 20:56:41,44217225183232.0
2019-05-01 21:26:41,44217225183232.0
2019-05-01 21:56:41,44217225183232.0
2019-05-01 22:26:41,44217225183232.0
2019-05-01 22:56:41,44217663627810.13
2019-05-01 23:26:41,44217762054144.0
2019-05-01 23:56:41,44218164707328.0
2019-05-02 00:26:41,44218298925056.0
2019-05-02 00:56:41,44218298925056.0
2019-05-02 01:26:41,44218710526088.53
2019-05-02 01:56:41,44218835795968.0
2019-05-02 02:26:41,44218835795968.0
2019-05-02 02:56:41,44218835795968.0
2019-05-02 03:26:41,44218835795968.0
2019-05-02 03:56:41,44218916326604.805
2019-05-02 04:26:41,44219372666880.0
2019-05-02 04:56:41,44219372666880.0
2019-05-02 05:26:41,44219372666880.0
2019-05-02 05:56:41,44219864798549.336
2019-05-02 06:26:41,44219909537792.0
2019-05-02 06:56:41,44219909537792.0
2019-05-02 07:26:41,44219909537792.0
2019-05-02 07:56:41,44220204816793.6
2019-05-02 08:26:41,44220858009736.53
2019-05-02 08:56:41,44220983279616.0
2019-05-02 09:26:41,44221215923677.87
2019-05-02 09:56:41,44221520150528.0
2019-05-02 10:26:41,44221520150528.0
2019-05-02 10:56:41,44221520150528.0
2019-05-02 11:26:41,44221520150528.0
2019-05-02 11:56:41,44221520150528.0
2019-05-02 12:26:41,44221520150528.0
2019-05-02 12:56:41,44221520150528.0
2019-05-02 13:26:41,44221520150528.0
2019-05-02 13:56:41,44221976490803.195
2019-05-02 14:26:41,44222057021440.0
2019-05-02 14:56:41,44222057021440.0
2019-05-02 15:26:41,44222065969288.53
2019-05-02 15:56:41,44222423883229.87
2019-05-02 16:26:41,44222593892352.0
2019-05-02 16:56:41,44222593892352.0
2019-05-02 17:26:41,44222593892352.0
2019-05-02 17:56:41,44222826536413.87
2019-05-02 18:26:41,44223130763264.0
2019-05-02 18:56:41,44223130763264.0
2019-05-02 19:26:41,44223524468599.47
2019-05-02 19:56:41,44223667634176.0
2019-05-02 20:26:41,44223667634176.0
2019-05-02 20:56:41,44223667634176.0
2019-05-02 21:26:41,44223667634176.0
2019-05-02 21:56:41,44223667634176.0
2019-05-02 22:26:41,44223667634176.0
2019-05-02 22:56:41,44223667634176.0
2019-05-02 23:26:41,44224079235208.53
2019-05-02 23:56:41,44224204505088.0
2019-05-03 00:26:41,44224589262574.93
2019-05-03 00:56:41,44224741376000.0
2019-05-03 01:26:41,44224741376000.0
2019-05-03 01:56:41,44224741376000.0
2019-05-03 02:26:41,44224741376000.0
2019-05-03 02:56:41,44224741376000.0
2019-05-03 03:26:41,44224741376000.0
2019-05-03 03:56:41,44224741376000.0
2019-05-03 04:26:41,44224741376000.0
2019-05-03 04:56:41,44224741376000.0
2019-05-03 05:26:41,44224741376000.0
2019-05-03 05:56:41,44224741376000.0
2019-05-03 06:26:41,44225179820578.13
2019-05-03 06:56:41,44225278246912.0
2019-05-03 07:26:41,44226316197341.87
2019-05-03 07:56:41,44226351988736.0
2019-05-03 08:26:41,44226593580646.4
2019-05-03 08:56:41,44226888859648.0
2019-05-03 09:26:41,44226888859648.0
2019-05-03 09:56:41,44226888859648.0
2019-05-03 10:26:41,44227237825740.805
2019-05-03 10:56:41,44227425730560.0
2019-05-03 11:26:41,44227935757926.4
2019-05-03 11:56:41,44227962601472.0
2019-05-03 12:26:41,44227962601472.0
2019-05-03 12:56:41,44227962601472.0
2019-05-03 13:26:41,44227962601472.0
2019-05-03 13:56:41,44227962601472.0
2019-05-03 14:26:41,44227971549320.53
2019-05-03 14:56:41,44229376361540.27
2019-05-03 15:26:41,44230154824362.664
2019-05-03 15:56:41,44230110085120.0
2019-05-03 16:26:41,44230110085120.0
2019-05-03 16:56:41,44230110085120.0
2019-05-03 17:26:41,44230110085120.0
2019-05-03 17:56:41,44230110085120.0
2019-05-03 18:26:41,44230297989939.195
2019-05-03 18:56:41,44231658062916.266
2019-05-03 19:26:41,44232311255859.2
2019-05-03 19:56:41,44233331310592.0
2019-05-03 20:26:41,44233725015927.47
2019-05-03 20:56:41,44233868181504.0
2019-05-03 21:26:41,44233868181504.0
2019-05-03 21:56:41,44233868181504.0
2019-05-03 22:26:41,44233868181504.0
2019-05-03 22:56:41,44234172408354.13
2019-05-03 23:26:41,44234405052416.0
2019-05-03 23:56:41,44234405052416.0
2019-05-04 00:26:41,44234405052416.0
2019-05-04 00:56:41,44234405052416.0
2019-05-04 01:26:41,44234405052416.0
2019-05-04 01:56:41,44234405052416.0
2019-05-04 02:26:41,44234405052416.0
2019-05-04 02:56:41,44234405052416.0
2019-05-04 03:26:41,44234405052416.0
2019-05-04 03:56:41,44234405052416.0
2019-05-04 04:26:41,44234405052416.0
2019-05-04 04:56:41,44234405052416.0
2019-05-04 05:26:41,44234405052416.0
2019-05-04 05:56:41,44234405052416.0
2019-05-04 06:26:41,44234405052416.0
2019-05-04 06:56:41,44234405052416.0
2019-05-04 07:26:41,44234718227114.664
2019-05-04 07:56:41,44234941923328.0
2019-05-04 08:26:41,44235102984601.6
2019-05-04 08:56:41,44235478794240.0
2019-05-04 09:26:41,44235478794240.0
2019-05-04 09:56:41,44235944082363.734
2019-05-04 10:26:41,44236015665152.0
2019-05-04 10:56:41,44236015665152.0
2019-05-04 11:26:41,44236015665152.0
2019-05-04 11:56:41,44236015665152.0
2019-05-04 12:26:41,44236015665152.0
2019-05-04 12:56:41,44236015665152.0
2019-05-04 13:26:41,44236015665152.0
2019-05-04 13:56:41,44236015665152.0
2019-05-04 14:26:41,44236015665152.0
2019-05-04 14:56:41,44236015665152.0
2019-05-04 15:26:41,44236015665152.0
2019-05-04 15:56:41,44236015665152.0
2019-05-04 16:26:41,44236015665152.0
2019-05-04 16:56:41,44236015665152.0
2019-05-04 17:26:41,44236015665152.0
2019-05-04 17:56:41,44236015665152.0
2019-05-04 18:26:41,44236480953275.734
2019-05-04 18:56:41,44236597275306.664
2019-05-04 19:26:41,44236552536064.0
2019-05-04 19:56:41,44236552536064.0
2019-05-04 20:26:41,44236552536064.0
2019-05-04 20:56:41,44237152041915.734
2019-05-04 21:26:41,44238037878920.53
2019-05-04 21:56:41,44238163148800.0
2019-05-04 22:26:41,44238163148800.0
2019-05-04 22:56:41,44238163148800.0
2019-05-04 23:26:41,44238163148800.0
2019-05-04 23:56:41,44238163148800.0
2019-05-05 00:26:41,44238986350865.07
2019-05-05 00:56:41,44239236890624.0
2019-05-05 01:26:41,44239236890624.0
2019-05-05 01:56:41,44239236890624.0
2019-05-05 02:26:41,44239236890624.0
2019-05-05 02:56:41,44239702178747.734
2019-05-05 03:26:41,44240230101811.195
2019-05-05 03:56:41,44240310632448.0
2019-05-05 04:26:41,44240310632448.0
2019-05-05 04:56:41,44240373267387.734
2019-05-05 05:26:41,44241268052241.06
2019-05-05 05:56:41,44241921245184.0
2019-05-05 06:26:41,44241921245184.0
2019-05-05 06:56:41,44241921245184.0
2019-05-05 07:26:41,44241921245184.0
2019-05-05 07:56:41,44241921245184.0
2019-05-05 08:26:41,44241921245184.0
2019-05-05 08:56:41,44241921245184.0
2019-05-05 09:26:41,44241921245184.0
2019-05-05 09:56:41,44242306002670.93
2019-05-05 10:26:41,44242807082188.805
2019-05-05 10:56:41,44243853980467.195
2019-05-05 11:26:41,44244480329864.53
2019-05-05 11:56:41,44244605599744.0
2019-05-05 12:26:41,44244605599744.0
2019-05-05 12:56:41,44244605599744.0
2019-05-05 13:26:41,44245017200776.53
2019-05-05 13:56:41,44245142470656.0
2019-05-05 14:26:41,44245142470656.0
2019-05-05 14:56:41,44245482488900.266
2019-05-05 15:26:41,44245679341568.0
2019-05-05 15:56:41,44246135681843.195
2019-05-05 16:26:41,44246216212480.0
2019-05-05 16:56:41,44304332488704.0
2019-05-05 17:26:41,44414158381602.13
2019-05-05 17:56:41,44408771776785.07
2019-05-05 18:26:41,44408888098816.0
2019-05-05 18:56:41,44408888098816.0
2019-05-05 19:26:41,44408888098816.0
2019-05-05 19:56:41,44408888098816.0
2019-05-05 20:26:41,44408888098816.0
2019-05-05 20:56:41,44408888098816.0
2019-05-05 21:26:41,44410552398643.195
2019-05-05 21:56:41,44412422498986.664
2019-05-05 22:26:41,44412646195200.0
2019-05-05 22:56:41,44412646195200.0
2019-05-05 23:26:41,44413066744081.07
2019-05-05 23:56:41,44413183066112.0
2019-05-06 00:26:41,44413183066112.0
2019-05-06 00:56:41,44413183066112.0
2019-05-06 01:26:41,44413505188659.195
2019-05-06 01:56:41,44413719937024.0
2019-05-06 02:26:41,44413719937024.0
2019-05-06 02:56:41,44413782571963.734
2019-05-06 03:26:41,44414417869209.6
2019-05-06 03:56:41,44415473715336.53
2019-05-06 04:26:41,44415428976093.87
2019-05-06 04:56:41,44415867420672.0
2019-05-06 05:26:41,44416287969553.07
2019-05-06 05:56:41,44416404291584.0
2019-05-06 06:26:41,44416404291584.0
2019-05-06 06:56:41,44416404291584.0
2019-05-06 07:26:41,44416404291584.0
2019-05-06 07:56:41,44416404291584.0
2019-05-06 08:26:41,44416404291584.0
2019-05-06 08:56:41,44416404291584.0
2019-05-06 09:26:41,44416404291584.0
2019-05-06 09:56:41,44416404291584.0
2019-05-06 10:26:41,44416404291584.0
2019-05-06 10:56:41,44416404291584.0
2019-05-06 11:26:41,44416404291584.0
2019-05-06 11:56:41,44416923266798.93
2019-05-06 12:26:41,44417478033408.0
2019-05-06 12:56:41,44417478033408.0
2019-05-06 13:26:41,44417478033408.0
2019-05-06 13:56:41,44417478033408.0
2019-05-06 14:26:41,44400029728768.0
2019-05-06 14:56:41,43924550005555.195
2019-05-06 15:26:41,44016730741145.6
2019-05-06 15:56:41,44191813293397.336
2019-05-06 16:26:41,44347962198152.53
2019-05-06 16:56:41,44364399395908.27
2019-05-06 17:26:41,44368255918626.13
2019-05-06 17:56:41,44369732313634.13
2019-05-06 18:26:41,44371557674734.93
2019-05-06 18:56:41,44374116759415.47
2019-05-06 19:26:41,44375906329122.13
2019-05-06 19:56:41,44376872696763.734
2019-05-06 20:26:41,44378814379895.47
2019-05-06 20:56:41,44380935019997.87
2019-05-06 21:26:41,44384353098137.6
2019-05-06 21:56:41,44384961551837.87
2019-05-06 22:26:41,44386939026363.734
2019-05-06 22:56:41,44387628010700.805
2019-05-06 23:26:41,44397944880059.734
2019-05-06 23:56:41,44400298164224.0
2019-05-07 00:26:41,44401613497958.4
2019-05-07 00:56:41,44401908776960.0
2019-05-07 01:26:41,44404351539609.6
2019-05-07 01:56:41,44405666873344.0
2019-05-07 02:26:41,44405666873344.0
2019-05-07 02:56:41,44405666873344.0
2019-05-07 03:26:41,44410275015338.664
2019-05-07 03:56:41,44412556716714.664
2019-05-07 04:26:41,44413183066112.0
2019-05-07 04:56:41,44413183066112.0
2019-05-07 05:26:41,44416592196403.195
2019-05-07 05:56:41,44418623358020.266
2019-05-07 06:26:41,44419088646144.0
2019-05-07 06:56:41,44419160228932.266
2019-05-07 07:26:41,44423526779016.53
2019-05-07 07:56:41,44425065808964.266
2019-05-07 08:26:41,44425531097088.0
2019-05-07 08:56:41,44425772688998.4
2019-05-07 09:26:41,44429432359048.53
2019-05-07 09:56:41,44430362935296.0
2019-05-07 10:26:41,44430362935296.0
2019-05-07 10:56:41,44432179348548.266
2019-05-07 11:26:41,44435874809992.53
2019-05-07 11:56:41,44437395944243.195
2019-05-07 12:26:41,44438523373158.4
2019-05-07 12:56:41,44438952869888.0
2019-05-07 13:26:41,44441055614293.336
2019-05-07 13:56:41,44449815558007.47
2019-05-07 14:26:41,44466843313766.4
2019-05-07 14:56:41,44466870157312.0
2019-05-07 15:26:41,44469312919961.6
2019-05-07 15:56:41,44471755682611.195
2019-05-07 16:26:41,44473160494830.93
2019-05-07 16:56:41,44473312608256.0
2019-05-07 17:26:41,44478564995345.07
2019-05-07 17:56:41,44480291930112.0
2019-05-07 18:26:41,44480291930112.0
2019-05-07 18:56:41,44480954070903.47
2019-05-07 19:26:41,44483772643191.46
2019-05-07 19:56:41,44485123768320.0
2019-05-07 20:26:41,44485123768320.0
2019-05-07 20:56:41,44485275881745.07
2019-05-07 21:26:41,44487691800849.07
2019-05-07 21:56:41,44489463474858.664
2019-05-07 22:26:41,44489955606528.0
2019-05-07 22:56:41,44489955606528.0
2019-05-07 23:26:41,44494161095338.664
2019-05-07 23:56:41,44496165413410.13
2019-05-08 00:26:41,44496398057472.0
2019-05-08 00:56:41,44497346529416.53
2019-05-08 01:26:41,44501668340258.13
2019-05-08 01:56:41,44503502649207.47
2019-05-08 02:26:41,44504191633544.53
2019-05-08 02:56:41,44504451121152.0
2019-05-08 03:26:41,44507117580014.93
2019-05-08 03:56:41,44509748247483.734
2019-05-08 04:26:41,44510893572096.0
2019-05-08 04:56:41,44510893572096.0
2019-05-08 05:26:41,44514320598084.266
2019-05-08 05:56:41,44516029637154.13
2019-05-08 06:26:41,44516924422007.47
2019-05-08 06:56:41,44517872893952.0
2019-05-08 07:26:41,44521541511850.664
2019-05-08 07:56:41,44523563725619.195
2019-05-08 08:26:41,44524136387925.336
2019-05-08 08:56:41,44524315344896.0
2019-05-08 09:26:41,44527044438698.664
2019-05-08 09:56:41,44529254557286.4
2019-05-08 10:26:41,44530024072260.266
2019-05-08 10:56:41,44530220924928.0
2019-05-08 11:26:41,44538014501000.54
2019-05-08 11:56:41,44543052139724.805
2019-05-08 12:26:41,44543105826816.0
2019-05-08 12:56:41,44543105826816.0
2019-05-08 13:26:41,44544492743338.664
2019-05-08 13:56:41,44548018195660.805
2019-05-08 14:26:41,44549548277760.0
2019-05-08 14:56:41,44550568332492.805
2019-05-08 15:26:41,44553986410632.53
2019-05-08 15:56:41,44555480701337.6
2019-05-08 16:26:41,44556277059857.07
2019-05-08 16:56:41,44556930252800.0
2019-05-08 17:26:41,44564133270869.336
2019-05-08 17:56:41,44567766097373.87
2019-05-08 18:26:41,44570808365875.195
2019-05-08 18:56:41,44575837056750.94
2019-05-08 19:26:41,44582664265181.87
2019-05-08 19:56:41,44587684008209.06
2019-05-08 20:26:41,44591925288413.87
2019-05-08 20:56:41,44594323311820.805
2019-05-08 21:26:41,44599862030062.93
2019-05-08 21:56:41,44603289056051.195
2019-05-08 22:26:41,44605132312849.07
2019-05-08 22:56:41,44608264059835.73
2019-05-08 23:26:41,44617802466372.26
2019-05-08 23:56:41,44622670095974.4
2019-05-09 00:26:41,44627707734698.664
2019-05-09 00:56:41,44635483415074.13
2019-05-09 01:26:41,44639867860855.46
2019-05-09 01:56:41,44644413367910.41
2019-05-09 02:26:41,44651857977890.13
2019-05-09 02:56:41,44657244582707.195
2019-05-09 03:26:41,44662935414374.4
2019-05-09 03:56:41,44667999896644.266
2019-05-09 04:26:41,44672384342425.6
2019-05-09 04:56:41,44674603408861.87
2019-05-09 05:26:41,44679927378739.195
2019-05-09 05:56:41,44686611421593.6
2019-05-09 06:26:41,44691237459285.336
2019-05-09 06:56:41,44700507430365.875
2019-05-09 07:26:41,44706296688366.93
2019-05-09 07:56:41,44710126367539.195
2019-05-09 08:26:41,44711683293184.0
2019-05-09 08:56:41,44712264903338.664
2019-05-09 09:26:41,44715047684232.53
2019-05-09 09:56:41,44718251014007.47
2019-05-09 10:26:41,44722814416759.47
2019-05-09 10:56:41,44728201021576.53
2019-05-09 11:26:41,44737292035686.41
2019-05-09 11:56:41,44744092400571.73
2019-05-09 12:26:41,44744969289728.0
2019-05-09 12:56:41,44744969289728.0
2019-05-09 13:26:41,44745380890760.53
2019-05-09 13:56:41,44748271045836.805
2019-05-09 14:26:41,44755241419844.27
2019-05-09 14:56:41,44762990256674.13
2019-05-09 15:26:41,44775893054259.195
2019-05-09 15:56:41,44785261451673.6
2019-05-09 16:26:41,44791659163374.94
2019-05-09 16:56:41,44801403370427.734
2019-05-09 17:26:41,44815084630835.195
2019-05-09 17:56:41,44826287337198.94
2019-05-09 18:26:41,44832890849416.53
2019-05-09 18:56:41,44840031232546.13
2019-05-09 19:26:41,44847967974195.195
2019-05-09 19:56:41,44853649858013.87
2019-05-09 20:26:41,44857184258184.54
2019-05-09 20:56:41,44862991411882.664
2019-05-09 21:26:41,44871008684168.53
2019-05-09 21:56:41,44877683779174.4
2019-05-09 22:26:41,44885038910668.805
2019-05-09 22:56:41,44889799166088.54
2019-05-09 23:26:41,44897574846464.0
2019-05-09 23:56:41,44904267837166.94
2019-05-10 00:26:41,44909099675374.93
2019-05-10 00:56:41,44917483809450.664
2019-05-10 01:26:41,44922118794990.94
2019-05-10 01:56:41,44927899105143.47
2019-05-10 02:26:41,44931800367104.0
2019-05-10 02:56:41,44934287868996.27
2019-05-10 03:26:41,44938054913228.805
2019-05-10 03:56:41,44942135132160.0
2019-05-10 04:26:41,44948953392742.4
2019-05-10 04:56:41,44953633117525.336
2019-05-10 05:26:41,44960290316834.13
2019-05-10 05:56:41,44965265320618.664
2019-05-10 06:26:41,44969658714248.53
2019-05-10 06:56:41,44974374230425.6
2019-05-10 07:26:41,44978284440234.664
2019-05-10 07:56:41,44980906159854.93
2019-05-10 08:26:41,44984109489629.87
2019-05-10 08:56:41,44986596991522.13
2019-05-10 09:26:41,44991473568972.805
2019-05-10 09:56:41,44995929597542.4
2019-05-10 10:26:41,45001602533512.53
2019-05-10 10:56:41,45011659915264.0
2019-05-10 11:26:41,45021073051921.06
2019-05-10 11:56:41,45027238119560.53
2019-05-10 12:26:41,45031631513190.4
2019-05-10 12:56:41,45032732098560.0
2019-05-10 13:26:41,45035944376183.47
2019-05-10 13:56:41,45040230395630.94
2019-05-10 14:26:41,45041608364305.06
2019-05-10 14:56:41,45045080129536.0
2019-05-10 15:26:41,45049500366711.46
2019-05-10 15:56:41,45056327575142.4
2019-05-10 16:26:41,45061445744503.47
2019-05-10 16:56:41,45067906091144.53
2019-05-10 17:26:41,45071941570833.06
2019-05-10 17:56:41,45076147059643.73
2019-05-10 18:26:41,45078768779264.0
2019-05-10 18:56:41,45080379392000.0
2019-05-10 19:26:41,45083010059468.805
2019-05-10 19:56:41,45084280653960.53
2019-05-10 20:26:41,45084808577024.0
2019-05-10 20:56:41,45085631779089.07
2019-05-10 21:26:41,45086302867729.07
2019-05-10 21:56:41,45086419189760.0
2019-05-10 22:26:41,45087278183219.195
2019-05-10 22:56:41,45087492931584.0
2019-05-10 23:26:41,45089103544320.0
2019-05-10 23:56:41,45090678365661.87
2019-05-11 00:26:41,45091170497331.195
2019-05-11 00:56:41,45092718475127.47
2019-05-11 01:26:41,45093828008345.6
2019-05-11 01:56:41,45095009124352.0
2019-05-11 02:26:41,45095599682355.2
2019-05-11 02:56:41,45097872435882.664
2019-05-11 03:26:41,45099733588377.6
2019-05-11 03:56:41,45101075765657.6
2019-05-11 04:26:41,45101451575296.0
2019-05-11 04:56:41,45101451575296.0
2019-05-11 05:26:41,45103527476155.734
2019-05-11 05:56:41,45105209671680.0
2019-05-11 06:26:41,45105334941559.47
2019-05-11 06:56:41,45106283413504.0
2019-05-11 07:26:41,45109236203520.0
2019-05-11 07:56:41,45111115251712.0
2019-05-11 08:26:41,45112188993536.0
2019-05-11 08:56:41,45113262735360.0
2019-05-11 09:26:41,45114506486306.13
2019-05-11 09:56:41,45115410219008.0
2019-05-11 10:26:41,45115714445858.13
2019-05-11 10:56:41,45117539806958.93
2019-05-11 11:26:41,45118819349299.195
2019-05-11 11:56:41,45119168315392.0
2019-05-11 12:26:41,45119490437939.195
2019-05-11 12:56:41,45120259952913.07
2019-05-11 13:26:41,45121736347921.07
2019-05-11 13:56:41,45121852669952.0
2019-05-11 14:26:41,45121852669952.0
2019-05-11 14:56:41,45123642239658.664
2019-05-11 15:26:41,45126335542067.195
2019-05-11 15:56:41,45126684508160.0
2019-05-11 16:26:41,45127221379072.0
2019-05-11 16:56:41,45127758249984.0
2019-05-11 17:26:41,45129019896627.195
2019-05-11 17:56:41,45129494132599.47
2019-05-11 18:26:41,45130442604544.0
2019-05-11 18:56:41,45130442604544.0
2019-05-11 19:26:41,45131570033459.2
2019-05-11 19:56:41,45132590088192.0
2019-05-11 20:26:41,45133771204198.4
2019-05-11 20:56:41,45134737571840.0
2019-05-11 21:26:41,45136205018999.47
2019-05-11 21:56:41,45136902951185.07
2019-05-11 22:26:41,45137028221064.53
2019-05-11 22:56:41,45137958797312.0
2019-05-11 23:26:41,45140759473902.93
2019-05-11 23:56:41,45143238027946.664
2019-05-12 00:26:41,45145134971835.734
2019-05-12 00:56:41,45146011860992.0
2019-05-12 01:26:41,45147694056516.266
2019-05-12 01:56:41,45148159344640.0
2019-05-12 02:26:41,45149000442402.13
2019-05-12 02:56:41,45149233086464.0
2019-05-12 03:26:41,45149429939131.734
2019-05-12 03:56:41,45150700533623.47
2019-05-12 04:26:41,45151917441024.0
2019-05-12 04:56:41,45151917441024.0
2019-05-12 05:26:41,45153179087667.195
2019-05-12 05:56:41,45154029133277.87
2019-05-12 06:26:41,45155281832072.53
2019-05-12 06:56:41,45156176616925.87
2019-05-12 07:26:41,45156212408320.0
2019-05-12 07:56:41,45156981923293.87
2019-05-12 08:26:41,45158905710728.53
2019-05-12 08:56:41,45159433633792.0
2019-05-12 09:26:41,45159693121399.47
2019-05-12 09:56:41,45159970504704.0
2019-05-12 10:26:41,45160972663739.734
2019-05-12 10:56:41,45162780129143.47
2019-05-12 11:26:41,45166654547558.4
2019-05-12 11:56:41,45169025727419.734
2019-05-12 12:26:41,45169150997299.195
2019-05-12 12:56:41,45170171052032.0
2019-05-12 13:26:41,45170171052032.0
2019-05-12 13:56:41,45170171052032.0
2019-05-12 14:26:41,45171244793856.0
2019-05-12 14:56:41,45171710081979.734
2019-05-12 15:26:41,45173785982839.47
2019-05-12 15:56:41,45175002890240.0
2019-05-12 16:26:41,45175172899362.13
2019-05-12 16:56:41,45176237693337.6
2019-05-12 17:26:41,45178707299532.805
2019-05-12 17:56:41,45179476814506.664
2019-05-12 18:26:41,45180371599360.0
2019-05-12 18:56:41,45180371599360.0
2019-05-12 19:26:41,45180640034816.0
2019-05-12 19:56:41,45181731672337.07
2019-05-12 20:26:41,45182644352887.47
2019-05-12 20:56:41,45184469713988.266
2019-05-12 21:26:41,45185615038600.54
2019-05-12 21:56:41,45187216703488.0
2019-05-12 22:26:41,45188209914675.195
2019-05-12 22:56:41,45188845211921.06
2019-05-12 23:26:41,45191994854604.805
2019-05-12 23:56:41,45192719630336.0
2019-05-13 00:26:41,45193381771127.46
2019-05-13 00:56:41,45195108705894.4
2019-05-13 01:26:41,45195824533777.07
2019-05-13 01:56:41,45195940855808.0
2019-05-13 02:26:41,45195940855808.0
2019-05-13 02:56:41,45195940855808.0
2019-05-13 03:26:41,45197068284723.195
2019-05-13 03:56:41,45198625210368.0
2019-05-13 04:26:41,45198625210368.0
2019-05-13 04:56:41,45198625210368.0
2019-05-13 05:26:41,45201569052535.47
2019-05-13 05:56:41,45202973864755.195
2019-05-13 06:26:41,45203457048576.0
2019-05-13 06:56:41,45203457048576.0
2019-05-13 07:26:41,45204351833429.336
2019-05-13 07:56:41,45205443470950.4
2019-05-13 08:26:41,45207626745992.53
2019-05-13 08:56:41,45208414156663.47
2019-05-13 09:26:41,45210865867161.6
2019-05-13 09:56:41,45212172253047.47
2019-05-13 10:26:41,45212583854080.0
2019-05-13 10:56:41,45214928190395.73
2019-05-13 11:26:41,45206400890743.47
2019-05-13 11:56:41,45211841182651.74
2019-05-13 12:26:41,45216207732736.0
2019-05-13 12:56:41,45217004091255.47
2019-05-13 13:26:41,45218364164232.53
2019-05-13 13:56:41,45218489434112.0
2019-05-13 14:26:41,45219482645299.195
2019-05-13 14:56:41,45220126890393.6
2019-05-13 15:26:41,45224708188842.664
2019-05-13 15:56:41,45232662826188.805
2019-05-13 16:26:41,45233521819648.0
2019-05-13 16:56:41,45234005003468.805
2019-05-13 17:26:41,45246728844083.195
2019-05-13 17:56:41,45250164817920.0
2019-05-13 18:26:41,45251113289864.53
2019-05-13 18:56:41,45251739639261.87
2019-05-13 19:26:41,45254638742186.664
2019-05-13 19:56:41,45256544633924.266
2019-05-13 20:26:41,45256607268864.0
2019-05-13 20:56:41,45256956234956.805
2019-05-13 21:26:41,45260320626005.336
2019-05-13 21:56:41,45261260150101.336
2019-05-13 22:26:41,45262620223078.4
2019-05-13 22:56:41,45263872921873.07
2019-05-13 23:26:41,45266315684522.664
2019-05-13 23:56:41,45267541539771.734
2019-05-14 00:26:41,45268418428928.0
2019-05-14 00:56:41,45268418428928.0
2019-05-14 01:26:41,45269912719633.06
2019-05-14 01:56:41,45270565912576.0
2019-05-14 02:26:41,45270565912576.0
2019-05-14 02:56:41,45271639654400.0
2019-05-14 03:26:41,45272480752162.13
2019-05-14 03:56:41,45273178684347.734
2019-05-14 04:26:41,45273912407927.47
2019-05-14 04:56:41,45274860879872.0
2019-05-14 05:26:41,45276954676428.805
2019-05-14 05:56:41,45280999103965.87
2019-05-14 06:26:41,45282072845789.87
2019-05-14 06:56:41,45283101848371.195
2019-05-14 07:26:41,45284587191227.734
2019-05-14 07:56:41,45285419341141.336
2019-05-14 08:26:41,45286135169024.0
2019-05-14 08:56:41,45287083640968.53
2019-05-14 09:26:41,45289848526165.336
2019-05-14 09:56:41,45290967007232.0
2019-05-14 10:26:41,45291942322722.13
2019-05-14 10:56:41,45293087647334.4
2019-05-14 11:26:41,45295637784166.4
2019-05-14 11:56:41,45296335716352.0
2019-05-14 12:26:41,45296792056627.195
2019-05-14 12:56:41,45297302083993.6
2019-05-14 13:26:41,45298366877969.07
2019-05-14 13:56:41,45298483200000.0
2019-05-14 14:26:41,45299360089156.266
2019-05-14 14:56:41,45301167554560.0
2019-05-14 15:26:41,45302429201203.195
2019-05-14 15:56:41,45302778167296.0
2019-05-14 16:26:41,45303565577966.94
2019-05-14 16:56:41,45305462521856.0
2019-05-14 17:26:41,45307019447500.8
2019-05-14 17:56:41,45308826912904.53
2019-05-14 18:26:41,45309757489152.0
2019-05-14 18:56:41,45177955680256.0
2019-05-14 19:26:41,45156802966323.195
2019-05-14 19:56:41,45157286150144.0
2019-05-14 20:26:41,45158288309179.734
2019-05-14 20:56:41,45158896762880.0
2019-05-14 21:26:41,45161017402982.4
2019-05-14 21:56:41,45162117988352.0
2019-05-14 22:26:41,45162449058747.734
2019-05-14 22:56:41,45162681702809.6
2019-05-14 23:26:41,45166260842222.94
2019-05-14 23:56:41,45168130942566.4
2019-05-15 00:26:41,45169097310208.0
2019-05-15 00:56:41,45169097310208.0
2019-05-15 01:26:41,45170063677849.6
2019-05-15 01:56:41,45171468490069.336
2019-05-15 02:26:41,45171781664768.0
2019-05-15 02:56:41,45171889038950.4
2019-05-15 03:26:41,45174546549964.805
2019-05-15 03:56:41,45176971416917.336
2019-05-15 04:26:41,45178152532923.734
2019-05-15 04:56:41,45178349385591.47
2019-05-15 05:26:41,45181400601941.336
2019-05-15 05:56:41,45181982212096.0
2019-05-15 06:26:41,45182268543249.07
2019-05-15 06:56:41,45182519083008.0
2019-05-15 07:26:41,45183959686621.87
2019-05-15 07:56:41,45184451818291.195
2019-05-15 08:26:41,45184666566656.0
2019-05-15 08:56:41,45185149750476.805
2019-05-15 09:26:41,45187001955123.195
2019-05-15 09:56:41,45187673043763.195
2019-05-15 10:26:41,45188424663040.0
2019-05-15 10:56:41,45192003802453.336
2019-05-15 11:26:41,45197318824482.13
2019-05-15 11:56:41,45199162081280.0
2019-05-15 12:26:41,45199162081280.0
2019-05-15 12:56:41,45200056866133.336
2019-05-15 13:26:41,45201166399351.47
2019-05-15 13:56:41,45203206508817.07
2019-05-15 14:26:41,45204709747370.664
2019-05-15 14:56:41,45205067661312.0
2019-05-15 15:26:41,45206928813806.93
2019-05-15 15:56:41,45207215144960.0
2019-05-15 16:26:41,45208235199692.805
2019-05-15 16:56:41,45209103141000.53
2019-05-15 17:26:41,45213174412083.195
2019-05-15 17:56:41,45215133990912.0
2019-05-15 18:26:41,45215268208640.0
2019-05-15 18:56:41,45215268208640.0
2019-05-15 19:26:41,45216511959586.13
2019-05-15 19:56:41,45216878821376.0
2019-05-15 20:26:41,45217057778346.664
2019-05-15 20:56:41,45218972617932.805
2019-05-15 21:26:41,45220851666124.805
2019-05-15 21:56:41,45221173788672.0
2019-05-15 22:26:41,45221460119825.07
2019-05-15 22:56:41,45221710659584.0
2019-05-15 23:26:41,45227088316552.53
2019-05-15 23:56:41,45228689981440.0
2019-05-16 00:26:41,45228815251319.47
2019-05-16 00:56:41,45229763723264.0
2019-05-16 01:26:41,45231678562850.13
2019-05-16 01:56:41,45232448077824.0
2019-05-16 02:26:41,45232448077824.0
2019-05-16 02:56:41,45232448077824.0
2019-05-16 03:26:41,45234273438924.805
2019-05-16 03:56:41,45236904106393.6
2019-05-16 04:26:41,45237888369732.266
2019-05-16 04:56:41,45239203703466.664
2019-05-16 05:26:41,45240689046323.195
2019-05-16 05:56:41,45241038012416.0
2019-05-16 06:26:41,45241038012416.0
2019-05-16 06:56:41,45242022275754.664
2019-05-16 07:26:41,45242532303121.07
2019-05-16 07:56:41,45242648625152.0
2019-05-16 08:26:41,45244008698129.07
2019-05-16 08:56:41,45244796108800.0
2019-05-16 09:26:41,45246048807594.664
2019-05-16 09:56:41,45246460408627.195
2019-05-16 10:26:41,45246943592448.0
2019-05-16 10:56:41,45247552046148.27
2019-05-16 11:26:41,45250907489348.266
2019-05-16 11:56:41,45251775430656.0
2019-05-16 12:26:41,45251829117747.195
2019-05-16 12:56:41,45252849172480.0
2019-05-16 13:26:41,45253269721361.07
2019-05-16 13:56:41,45253913966455.47
2019-05-16 14:26:41,45259390049757.87
2019-05-16 14:56:41,45282314437700.266
2019-05-16 15:26:41,45291629148023.47
2019-05-16 15:56:41,45313059245260.805
2019-05-16 16:26:41,45329165372620.805
2019-05-16 16:56:41,45332037632000.0
2019-05-16 17:26:41,45361323940249.6
2019-05-16 17:56:41,45370271788782.94
2019-05-16 18:26:41,45361977133192.54
2019-05-16 18:56:41,45345539935436.805
2019-05-16 19:26:41,45347571097053.87
2019-05-16 19:56:41,45349673841459.2
2019-05-16 20:26:41,45358639585689.6
2019-05-16 20:56:41,45358263776051.195
2019-05-16 21:26:41,45345495196194.13
2019-05-16 21:56:41,45346157336985.6
2019-05-16 22:26:41,45346273659016.53
2019-05-16 22:56:41,45347410035780.27
2019-05-16 23:26:41,45350094390340.266
2019-05-16 23:56:41,45351016018739.195
2019-05-17 00:26:41,45351687107379.195
2019-05-17 00:56:41,45352170291200.0
2019-05-17 01:26:41,45352966649719.47
2019-05-17 01:56:41,45353244033024.0
2019-05-17 02:26:41,45353244033024.0
2019-05-17 02:56:41,45354264087756.805
2019-05-17 03:26:41,45355704691370.664
2019-05-17 03:56:41,45356465258496.0
2019-05-17 04:26:41,45356465258496.0
2019-05-17 04:56:41,45356465258496.0
2019-05-17 05:26:41,45358147454020.266
2019-05-17 05:56:41,45358612742144.0
2019-05-17 06:26:41,45358612742144.0
2019-05-17 06:56:41,45359176456601.6
2019-05-17 07:26:41,45361153931127.47
2019-05-17 07:56:41,45361833967616.0
2019-05-17 08:26:41,45362129246617.6
2019-05-17 08:56:41,45362370838528.0
2019-05-17 09:26:41,45363346154018.13
2019-05-17 09:56:41,45364205147477.336
2019-05-17 10:26:41,45367050563310.93
2019-05-17 10:56:41,45376025255389.87
2019-05-17 11:26:41,45383174586368.0
2019-05-17 11:56:41,45308665851630.93
2019-05-17 12:26:41,45294725103616.0
2019-05-17 12:56:41,45294725103616.0
2019-05-17 13:26:41,45295906219622.4
2019-05-17 13:56:41,45296425194837.336
2019-05-17 14:26:41,45296872587264.0
2019-05-17 14:56:41,45296872587264.0
2019-05-17 15:26:41,45297713685026.13
2019-05-17 15:56:41,45300415935283.195
2019-05-17 16:26:41,45299109549397.336
2019-05-17 16:56:41,45299029018760.53
2019-05-17 17:26:41,45321112308940.805
2019-05-17 17:56:41,45357002129408.0
2019-05-17 18:26:41,45359310674329.6
2019-05-17 18:56:41,45360223354880.0
2019-05-17 19:26:41,45360643903761.07
2019-05-17 19:56:41,45360760225792.0
2019-05-17 20:26:41,45360760225792.0
2019-05-17 20:56:41,45360760225792.0
2019-05-17 21:26:41,45362021872435.195
2019-05-17 21:56:41,45362370838528.0
2019-05-17 22:26:41,45362370838528.0
2019-05-17 22:56:41,45362370838528.0
2019-05-17 23:26:41,45364464635084.805
2019-05-17 23:56:41,45365055193088.0
2019-05-18 00:26:41,45365055193088.0
2019-05-18 00:56:41,45365520481211.734
2019-05-18 01:26:41,45366961084825.6
2019-05-18 01:56:41,45367202676736.0
2019-05-18 02:26:41,45367202676736.0
2019-05-18 02:56:41,45367202676736.0
2019-05-18 03:26:41,45368043774498.13
2019-05-18 03:56:41,45368276418560.0
2019-05-18 04:26:41,45368276418560.0
2019-05-18 04:56:41,45368804341623.47
2019-05-18 05:26:41,45371757131639.47
2019-05-18 05:56:41,45372571385856.0
2019-05-18 06:26:41,45372571385856.0
2019-05-18 06:56:41,45373072465373.87
2019-05-18 07:26:41,45373940406681.6
2019-05-18 07:56:41,45374181998592.0
2019-05-18 08:26:41,45374513068987.734
2019-05-18 08:56:41,45374718869504.0
2019-05-18 09:26:41,45375559967266.13
2019-05-18 09:56:41,45375792611328.0
2019-05-18 10:26:41,45375935776904.54
2019-05-18 10:56:41,45377045310122.664
2019-05-18 11:26:41,45378476965888.0
2019-05-18 11:56:41,45379013836800.0
2019-05-18 12:26:41,45379514916317.87
2019-05-18 12:56:41,45379550707712.0
2019-05-18 13:26:41,45380391805474.13
2019-05-18 13:56:41,45380624449536.0
2019-05-18 14:26:41,45380624449536.0
2019-05-18 14:56:41,45380767615112.53
2019-05-18 15:26:41,45382414019242.664
2019-05-18 15:56:41,45382771933184.0
2019-05-18 16:26:41,45382771933184.0
2019-05-18 16:56:41,45384472024405.336
2019-05-18 17:26:41,45396265288772.266
2019-05-18 17:56:41,45397750631628.805
2019-05-18 18:26:41,45398368033177.6
2019-05-18 18:56:41,45398341189632.0
2019-05-18 19:26:41,45399182287394.13
2019-05-18 19:56:41,45399414931456.0
2019-05-18 20:26:41,45399414931456.0
2019-05-18 20:56:41,45399414931456.0
2019-05-18 21:26:41,45400256029218.13
2019-05-18 21:56:41,45400488673280.0
2019-05-18 22:26:41,45400488673280.0
2019-05-18 22:56:41,45400578151765.336
2019-05-18 23:26:41,45404023073450.664
2019-05-18 23:56:41,45405320511488.0
2019-05-19 00:26:41,45405606842641.07
2019-05-19 00:56:41,45406394253312.0
2019-05-19 01:26:41,45407226403225.6
2019-05-19 01:56:41,45407960126805.336
2019-05-19 02:26:41,45408004866048.0
2019-05-19 02:56:41,45408139083776.0
2019-05-19 03:26:41,45409382834722.13
2019-05-19 03:56:41,45409803383603.195
2019-05-19 04:26:41,45410152349696.0
2019-05-19 04:56:41,45410152349696.0
2019-05-19 05:26:41,45411834545220.266
2019-05-19 05:56:41,45412299833344.0
2019-05-19 06:26:41,45412299833344.0
2019-05-19 06:56:41,45412299833344.0
2019-05-19 07:26:41,45412720382225.07
2019-05-19 07:56:41,45412836704256.0
2019-05-19 08:26:41,45412836704256.0
2019-05-19 08:56:41,45412836704256.0
2019-05-19 09:26:41,45414089403050.664
2019-05-19 09:56:41,45414447316992.0
2019-05-19 10:26:41,45414447316992.0
2019-05-19 10:56:41,45414447316992.0
2019-05-19 11:26:41,45416532165700.266
2019-05-19 11:56:41,45417131671552.0
2019-05-19 12:26:41,45417131671552.0
2019-05-19 12:56:41,45417131671552.0
2019-05-19 13:26:41,45417552220433.07
2019-05-19 13:56:41,45417668542464.0
2019-05-19 14:26:41,45417972769314.13
2019-05-19 14:56:41,45418205413376.0
2019-05-19 15:26:41,45419046511138.13
2019-05-19 15:56:41,45419672860535.47
2019-05-19 16:26:41,45420129200810.664
2019-05-19 16:56:41,45420352897024.0
2019-05-19 17:26:41,45422867242461.87
2019-05-19 17:56:41,45423574122496.0
2019-05-19 18:26:41,45423574122496.0
2019-05-19 18:56:41,45424084149862.4
2019-05-19 19:26:41,45425480014233.6
2019-05-19 19:56:41,45425828980326.4
2019-05-19 20:26:41,45426795347968.0
2019-05-19 20:56:41,45426795347968.0
2019-05-19 21:26:41,45427215896849.07
2019-05-19 21:56:41,45427332218880.0
2019-05-19 22:26:41,45427376958122.664
2019-05-19 22:56:41,45441425080320.0
2019-05-19 23:26:41,45461620374459.73
2019-05-19 23:56:41,45462765699072.0
2019-05-20 00:26:41,45462765699072.0
2019-05-20 00:56:41,45462765699072.0
2019-05-20 01:26:41,45464170511291.734
2019-05-20 01:56:41,45464913182720.0
2019-05-20 02:26:41,45464913182720.0
2019-05-20 02:56:41,45464913182720.0
2019-05-20 03:26:41,45465754280482.13
2019-05-20 03:56:41,45465986924544.0
2019-05-20 04:26:41,45466201672908.805
2019-05-20 04:56:41,45466523795456.0
2019-05-20 05:26:41,45468205990980.266
2019-05-20 05:56:41,45468671279104.0
2019-05-20 06:26:41,45468671279104.0
2019-05-20 06:56:41,45468716018346.664
2019-05-20 07:26:41,45469512376866.13
2019-05-20 07:56:41,45469745020928.0
2019-05-20 08:26:41,45469745020928.0
2019-05-20 08:56:41,45469745020928.0
2019-05-20 09:26:41,45470693492872.54
2019-05-20 09:56:41,45471892504576.0
2019-05-20 10:26:41,45476294846054.4
2019-05-20 10:56:41,45476724342784.0
2019-05-20 11:26:41,45482477809390.93
2019-05-20 11:56:41,45484884780646.4
2019-05-20 12:26:41,45485761669802.664
2019-05-20 12:56:41,45485949574621.87
2019-05-20 13:26:41,45486388019200.0
2019-05-20 13:56:41,45486388019200.0
2019-05-20 14:26:41,45486388019200.0
2019-05-20 14:56:41,45486388019200.0
2019-05-20 15:26:41,45486808568081.07
2019-05-20 15:56:41,45486924890112.0
2019-05-20 16:26:41,45890857616452.266
2019-05-20 16:56:41,46228835751253.336
2019-05-20 17:26:41,46498693915170.13
2019-05-20 17:56:41,46498926559232.0
2019-05-20 18:26:41,46499409743052.805
2019-05-20 18:56:41,46499463430144.0
2019-05-20 19:26:41,46499463430144.0
2019-05-20 19:56:41,46500367162845.87
2019-05-20 20:26:41,46500698233241.6
2019-05-20 20:56:41,46502147784704.0
2019-05-20 21:26:41,46502505698645.336
2019-05-20 21:56:41,46502854664738.13
2019-05-20 22:26:41,46503221526528.0
2019-05-20 22:56:41,46503221526528.0
2019-05-20 23:26:41,46504062624290.13
2019-05-20 23:56:41,46504295268352.0
2019-05-21 00:26:41,46504295268352.0
2019-05-21 00:56:41,46504295268352.0
2019-05-21 01:26:41,46504295268352.0
2019-05-21 01:56:41,46505333218781.87
2019-05-21 02:26:41,46505369010176.0
2019-05-21 02:56:41,46505369010176.0
2019-05-21 03:26:41,46505369010176.0
2019-05-21 03:56:41,46505798506905.6
2019-05-21 04:26:41,46506442752000.0
2019-05-21 04:56:41,46506442752000.0
2019-05-21 05:26:41,46507283849762.13
2019-05-21 05:56:41,46507820720674.13
2019-05-21 06:26:41,46508053364736.0
2019-05-21 06:56:41,46508053364736.0
2019-05-21 07:26:41,46508948149589.336
2019-05-21 07:56:41,46509127106560.0
2019-05-21 08:26:41,46509127106560.0
2019-05-21 08:56:41,46509127106560.0
2019-05-21 09:26:41,46509127106560.0
2019-05-21 09:56:41,46510093474201.6
2019-05-21 10:26:41,46510200848384.0
2019-05-21 10:56:41,46512437810517.336
2019-05-21 11:26:41,46522709940633.6
2019-05-21 11:56:41,46525143755434.664
2019-05-21 12:26:41,46525770104832.0
2019-05-21 12:56:41,46525770104832.0
2019-05-21 13:26:41,46525770104832.0
2019-05-21 13:56:41,46526521724108.805
2019-05-21 14:26:41,46527273343385.6
2019-05-21 14:56:41,46527380717568.0
2019-05-21 15:26:41,46633949593600.0
2019-05-21 15:56:41,46685757636608.0
2019-05-21 16:26:41,46687153500979.195
2019-05-21 16:56:41,46693381203558.4
2019-05-21 17:26:41,46695501843660.805
2019-05-21 17:56:41,46695958183936.0
2019-05-21 18:26:41,46696548741939.195
2019-05-21 18:56:41,46697568796672.0
2019-05-21 19:26:41,46698141458978.13
2019-05-21 19:56:41,46698964661043.195
2019-05-21 20:26:41,46700226307686.4
2019-05-21 20:56:41,46700763178598.4
2019-05-21 21:26:41,46701326893056.0
2019-05-21 21:56:41,46707098255360.0
2019-05-21 22:26:41,46714936570675.195
2019-05-21 22:56:41,46715339223859.195
2019-05-21 23:26:41,46718453075148.805
2019-05-21 23:56:41,46719043633152.0
2019-05-22 00:26:41,46719061528849.07
2019-05-22 00:56:41,46720117374976.0
2019-05-22 01:26:41,46720537923857.07
2019-05-22 01:56:41,46720654245888.0
2019-05-22 02:26:41,46721566926438.4
2019-05-22 02:56:41,46722282754321.07
2019-05-22 03:26:41,46723213330568.53
2019-05-22 03:56:41,46724376550877.87
2019-05-22 04:26:41,46724448133666.13
2019-05-22 04:56:41,46724949213184.0
2019-05-22 05:26:41,46725432397004.8
2019-05-22 05:56:41,46727123540377.6
2019-05-22 06:26:41,46727633567744.0
2019-05-22 06:56:41,46728420978414.93
2019-05-22 07:26:41,46728707309568.0
2019-05-22 07:56:41,46728984692872.53
2019-05-22 08:26:41,46729244180480.0
2019-05-22 08:56:41,46730300026606.93
2019-05-22 09:26:41,46731686943129.6
2019-05-22 09:56:41,46731928535040.0
2019-05-22 10:26:41,46732814372044.805
2019-05-22 10:56:41,46715357119556.266
2019-05-22 11:26:41,46719884730914.13
2019-05-22 11:56:41,46721790622651.73
2019-05-22 12:26:41,46722264858624.0
2019-05-22 12:56:41,46722425919897.6
2019-05-22 13:26:41,46737118287189.336
2019-05-22 13:56:41,46756570909900.805
2019-05-22 14:26:41,46758235209728.0
2019-05-22 14:56:41,46759103151035.73
2019-05-22 15:26:41,46760355849830.4
2019-05-22 15:56:41,46760919564288.0
2019-05-22 16:26:41,46762100680294.4
2019-05-22 16:56:41,46762530177024.0
2019-05-22 17:26:41,46765232427281.07
2019-05-22 17:56:41,46767308328140.805
2019-05-22 18:26:41,46767362015232.0
2019-05-22 18:56:41,46767362015232.0
2019-05-22 19:26:41,46769670560153.6
2019-05-22 19:56:41,46770377440187.734
2019-05-22 20:26:41,46770583240704.0
2019-05-22 20:56:41,46771558556194.13
2019-05-22 21:26:41,46773929736055.47
2019-05-22 21:56:41,46774341337088.0
2019-05-22 22:26:41,46774341337088.0
2019-05-22 22:56:41,46775397183214.94
2019-05-22 23:26:41,46776372498705.07
2019-05-22 23:56:41,46776891473920.0
2019-05-23 00:26:41,46777383605589.336
2019-05-23 00:56:41,46778099433472.0
2019-05-23 01:26:41,46778126277017.6
2019-05-23 01:56:41,46778636304384.0
2019-05-23 02:26:41,46779423715054.93
2019-05-23 02:56:41,46780542196121.6
2019-05-23 03:26:41,46781186441216.0
2019-05-23 03:56:41,46781526459460.266
2019-05-23 04:26:41,46781875425553.07
2019-05-23 04:56:41,46782931271680.0
2019-05-23 05:26:41,46784371875293.87
2019-05-23 05:56:41,46785696156876.805
2019-05-23 06:26:41,46786152497152.0
2019-05-23 06:56:41,46786259871334.4
2019-05-23 07:26:41,46786689368064.0
2019-05-23 07:56:41,46787011490611.195
2019-05-23 08:26:41,46787226238976.0
2019-05-23 08:56:41,46787226238976.0
2019-05-23 09:26:41,46788308928648.53
2019-05-23 09:56:41,46789320035532.805
2019-05-23 10:26:41,46789373722624.0
2019-05-23 10:56:41,46789373722624.0
2019-05-23 11:26:41,46791234875118.93
2019-05-23 11:56:41,46791789641728.0
2019-05-23 12:26:41,46764382381670.4
2019-05-23 12:56:41,46749940554137.6
2019-05-23 13:26:41,46751971715754.664
2019-05-23 13:56:41,46753832868249.6
2019-05-23 14:26:41,46757859400089.6
2019-05-23 14:56:41,46771916470135.48
2019-05-23 15:26:41,46815062995763.195
2019-05-23 15:56:41,46816288851012.266
2019-05-23 16:26:41,46816754139136.0
2019-05-23 16:56:41,46817434175624.53
2019-05-23 17:26:41,46819089527603.195
2019-05-23 17:56:41,46819438493696.0
2019-05-23 18:26:41,46819778511940.266
2019-05-23 18:56:41,46821559133798.4
2019-05-23 19:26:41,46822409179409.07
2019-05-23 19:56:41,46822659719168.0
2019-05-23 20:26:41,46823465025536.0
2019-05-23 20:56:41,46824270331904.0
2019-05-23 21:26:41,46825075638272.0
2019-05-23 21:56:41,46825344073728.0
2019-05-23 22:26:41,46825684091972.266
2019-05-23 22:56:41,46826748885947.73
2019-05-23 23:26:41,46827938949802.664
2019-05-23 23:56:41,46829388501265.07
2019-05-24 00:26:41,46829639041024.0
2019-05-24 00:56:41,46831052801092.266
2019-05-24 01:26:41,46832609726737.07
2019-05-24 01:56:41,46832860266496.0
2019-05-24 02:26:41,46833352398165.336
2019-05-24 02:56:41,46834936167355.734
2019-05-24 03:26:41,46835741473723.734
2019-05-24 03:56:41,46836967328972.805
2019-05-24 04:26:41,46838730055133.87
2019-05-24 04:56:41,46838765846528.0
2019-05-24 05:26:41,46840009597474.13
2019-05-24 05:56:41,46840376459264.0
2019-05-24 06:26:41,46840680686114.13
2019-05-24 06:56:41,46841521783876.266
2019-05-24 07:26:41,46842407620881.07
2019-05-24 07:56:41,46842971335338.664
2019-05-24 08:26:41,46843221875097.6
2019-05-24 08:56:41,46844134555648.0
2019-05-24 09:26:41,46845074079744.0
2019-05-24 09:56:41,46845745168384.0
2019-05-24 10:26:41,46846049395234.13
2019-05-24 10:56:41,46847803173546.664
2019-05-24 11:26:41,46848313200913.07
2019-05-24 11:56:41,46848948498158.93
2019-05-24 12:26:41,46848966393856.0
2019-05-24 12:56:41,46848966393856.0
2019-05-24 13:26:41,46849386942737.07
2019-05-24 13:56:41,46849735908829.87
2019-05-24 14:26:41,46850040135680.0
2019-05-24 14:56:41,46845977812445.87
2019-05-24 15:26:41,46825880944640.0
2019-05-24 15:56:41,46825880944640.0
2019-05-24 16:26:41,46825880944640.0
2019-05-24 16:56:41,46825880944640.0
2019-05-24 17:26:41,46829460084053.336
2019-05-24 17:56:41,46837173129489.06
2019-05-24 18:26:41,46838041070796.805
2019-05-24 18:56:41,46838354245495.47
2019-05-24 19:26:41,46839454830865.07
2019-05-24 19:56:41,46840376459264.0
2019-05-24 20:26:41,46840376459264.0
2019-05-24 20:56:41,46840385407112.53
2019-05-24 21:26:41,46844519313134.93
2019-05-24 21:56:41,46850040135680.0
2019-05-24 22:26:41,46850040135680.0
2019-05-24 22:56:41,46850040135680.0
2019-05-24 23:26:41,46851436000051.195
2019-05-24 23:56:41,46852733438088.53
2019-05-25 00:26:41,46852724490240.0
2019-05-25 00:56:41,46852724490240.0
2019-05-25 01:26:41,46852724490240.0
2019-05-25 01:56:41,46852983977847.47
2019-05-25 02:26:41,46853350839637.336
2019-05-25 02:56:41,46853798232064.0
2019-05-25 03:26:41,46854299311581.87
2019-05-25 03:56:41,46854871973888.0
2019-05-25 04:26:41,46854871973888.0
2019-05-25 04:56:41,46855015139464.53
2019-05-25 05:26:41,46856249942562.13
2019-05-25 05:56:41,46856652595746.13
2019-05-25 06:26:41,46857019457536.0
2019-05-25 06:56:41,46857019457536.0
2019-05-25 07:26:41,46857019457536.0
2019-05-25 07:56:41,46857019457536.0
2019-05-25 08:26:41,46857019457536.0
2019-05-25 08:56:41,46857046301081.6
2019-05-25 09:26:41,46857976877329.07
2019-05-25 09:56:41,46858093199360.0
2019-05-25 10:26:41,46858093199360.0
2019-05-25 10:56:41,46858943244970.664
2019-05-25 11:26:41,46860428587827.195
2019-05-25 11:56:41,46861448642560.0
2019-05-25 12:26:41,46861851295744.0
2019-05-25 12:56:41,46862361323110.4
2019-05-25 13:26:41,46862388166656.0
2019-05-25 13:56:41,46862388166656.0
2019-05-25 14:26:41,46862692393506.13
2019-05-25 14:56:41,46863461908480.0
2019-05-25 15:26:41,46863882457361.07
2019-05-25 15:56:41,46863998779392.0
2019-05-25 16:26:41,46863998779392.0
2019-05-25 16:56:41,46863998779392.0
2019-05-25 17:26:41,46866226793676.805
2019-05-25 17:56:41,46867228952712.53
2019-05-25 18:26:41,46867756875776.0
2019-05-25 18:56:41,46867756875776.0
2019-05-25 19:26:41,46867756875776.0
2019-05-25 19:56:41,46867756875776.0
2019-05-25 20:26:41,46868275850990.93
2019-05-25 20:56:41,46868642712780.805
2019-05-25 21:26:41,46868830617600.0
2019-05-25 21:56:41,46868830617600.0
2019-05-25 22:26:41,46868830617600.0
2019-05-25 22:56:41,46868830617600.0
2019-05-25 23:26:41,46869761193847.47
2019-05-25 23:56:41,46869904359424.0
2019-05-26 00:26:41,46869904359424.0
2019-05-26 00:56:41,46871550763554.13
2019-05-26 01:26:41,46872454496256.0
2019-05-26 01:56:41,46872588713984.0
2019-05-26 02:26:41,46872588713984.0
2019-05-26 02:56:41,46872588713984.0
2019-05-26 03:26:41,46873009262865.07
2019-05-26 03:56:41,46873644560110.93
2019-05-26 04:26:41,46873662455808.0
2019-05-26 04:56:41,46873662455808.0
2019-05-26 05:26:41,46874888311057.07
2019-05-26 05:56:41,46875273068544.0
2019-05-26 06:26:41,46875273068544.0
2019-05-26 06:56:41,46875273068544.0
2019-05-26 07:26:41,46875693617425.07
2019-05-26 07:56:41,46875809939456.0
2019-05-26 08:26:41,46876051531366.4
2019-05-26 08:56:41,46876454184550.4
2019-05-26 09:26:41,46876883681280.0
2019-05-26 09:56:41,46877178960281.6
2019-05-26 10:26:41,46877420552192.0
2019-05-26 10:56:41,46877420552192.0
2019-05-26 11:26:41,46877841101073.07
2019-05-26 11:56:41,46877957423104.0
2019-05-26 12:26:41,46877957423104.0
2019-05-26 12:56:41,46877957423104.0
2019-05-26 13:26:41,46877957423104.0
2019-05-26 13:56:41,46877957423104.0
2019-05-26 14:26:41,46877957423104.0
2019-05-26 14:56:41,46878342180590.93
2019-05-26 15:26:41,46878914842897.07
2019-05-26 15:56:41,46879183278353.07
2019-05-26 16:26:41,46879585931537.07
2019-05-26 16:56:41,46880104906752.0
2019-05-26 17:26:41,46880856526028.805
2019-05-26 17:56:41,46881178648576.0
2019-05-26 18:26:41,46881429188334.93
2019-05-26 18:56:41,46882493982310.4
2019-05-26 19:26:41,46883209810193.07
2019-05-26 19:56:41,46883326132224.0
2019-05-26 20:26:41,46883326132224.0
2019-05-26 20:56:41,46883326132224.0
2019-05-26 21:26:41,46883326132224.0
2019-05-26 21:56:41,46883326132224.0
2019-05-26 22:26:41,46883326132224.0
2019-05-26 22:56:41,46883326132224.0
2019-05-26 23:26:41,46884167229986.13
2019-05-26 23:56:41,46884399874048.0
2019-05-27 00:26:41,46885097806233.6
2019-05-27 00:56:41,46885473615872.0
2019-05-27 01:26:41,46885473615872.0
2019-05-27 01:56:41,46885473615872.0
2019-05-27 02:26:41,46885473615872.0
2019-05-27 02:56:41,46885983643238.4
2019-05-27 03:26:41,46886010486784.0
2019-05-27 03:56:41,46886010486784.0
2019-05-27 04:26:41,46886010486784.0
2019-05-27 04:56:41,46886010486784.0
2019-05-27 05:26:41,46890269662685.87
2019-05-27 05:56:41,46891379195904.0
2019-05-27 06:26:41,46891432882995.195
2019-05-27 06:56:41,46891978701755.734
2019-05-27 07:26:41,46892551364061.87
2019-05-27 07:56:41,46893106130670.93
2019-05-27 08:26:41,46893526679552.0
2019-05-27 08:56:41,46894036706918.4
2019-05-27 09:26:41,46894063550464.0
2019-05-27 09:56:41,46894063550464.0
2019-05-27 10:26:41,46894063550464.0
2019-05-27 10:56:41,46894358829465.6
2019-05-27 11:26:41,46895020970257.07
2019-05-27 11:56:41,46895871015867.734
2019-05-27 12:26:41,46896211034112.0
2019-05-27 12:56:41,46896211034112.0
2019-05-27 13:26:41,46896211034112.0
2019-05-27 13:56:41,46896971601237.336
2019-05-27 14:26:41,46867703188684.805
2019-05-27 14:56:41,46868991678873.6
2019-05-27 15:26:41,46870137003485.87
2019-05-27 15:56:41,46873259802624.0
2019-05-27 16:26:41,46882619252189.87
2019-05-27 16:56:41,46887477933943.47
2019-05-27 17:26:41,46898260091426.13
2019-05-27 17:56:41,46899664903645.87
2019-05-27 18:26:41,46901311307776.0
2019-05-27 18:56:41,46901579743232.0
2019-05-27 19:26:41,46901579743232.0
2019-05-27 19:56:41,46901579743232.0
2019-05-27 20:26:41,46901579743232.0
2019-05-27 20:56:41,46901579743232.0
2019-05-27 21:26:41,46901919761476.266
2019-05-27 21:56:41,46902116614144.0
2019-05-27 22:26:41,46902116614144.0
2019-05-27 22:56:41,46902116614144.0
2019-05-27 23:26:41,46887603203822.94
2019-05-27 23:56:41,46860750710374.4
2019-05-28 00:26:41,46861269685589.336
2019-05-28 00:56:41,46861815504349.87
2019-05-28 01:26:41,46863318742903.47
2019-05-28 01:56:41,46863461908480.0
2019-05-28 02:26:41,46863461908480.0
2019-05-28 02:56:41,46863461908480.0
2019-05-28 03:26:41,46863730343936.0
2019-05-28 03:56:41,46864079310028.805
2019-05-28 04:26:41,46864902512093.87
2019-05-28 04:56:41,46865645183522.13
2019-05-28 05:26:41,46866217845828.27
2019-05-28 05:56:41,46866683133952.0
2019-05-28 06:26:41,46866683133952.0
2019-05-28 06:56:41,46866683133952.0
2019-05-28 07:26:41,46866683133952.0
2019-05-28 07:56:41,46866683133952.0
2019-05-28 08:26:41,46866683133952.0
2019-05-28 08:56:41,46866736821043.195
2019-05-28 09:26:41,46867103682833.07
2019-05-28 09:56:41,46867336326894.93
2019-05-28 10:26:41,46872060790920.53
2019-05-28 10:56:41,46873331385412.266
2019-05-28 11:26:41,46878565876804.266
2019-05-28 11:56:41,46881599197457.07
2019-05-28 12:26:41,46881715519488.0
2019-05-28 12:56:41,46881983954944.0
2019-05-28 13:26:41,46882323973188.266
2019-05-28 13:56:41,46882252390400.0
2019-05-28 14:26:41,46882332921036.805
2019-05-28 14:56:41,46882789261312.0
2019-05-28 15:26:41,46883200862344.53
2019-05-28 15:56:41,46883863003136.0
2019-05-28 16:26:41,46884033012258.13
2019-05-28 16:56:41,46884954640657.07
2019-05-28 17:26:41,46885357293841.07
2019-05-28 17:56:41,46885607833600.0
2019-05-28 18:26:41,46886010486784.0
2019-05-28 18:56:41,46886189443754.664
2019-05-28 19:26:41,46887048437213.87
2019-05-28 19:56:41,46887084228608.0
2019-05-28 20:26:41,46888408510190.93
2019-05-28 20:56:41,46889768583168.0
2019-05-28 21:26:41,46890323349777.07
2019-05-28 21:56:41,46890860220689.07
2019-05-28 22:26:41,46891379195904.0
2019-05-28 22:56:41,46891379195904.0
2019-05-28 23:26:41,46892542416213.336
2019-05-28 23:56:41,46893320879035.734
2019-05-29 00:26:41,46893562470946.13
2019-05-29 00:56:41,46893526679552.0
2019-05-29 01:26:41,46893526679552.0
2019-05-29 01:56:41,46893669845128.53
2019-05-29 02:26:41,46894600421376.0
2019-05-29 02:56:41,46894600421376.0
2019-05-29 03:26:41,46894859908983.47
2019-05-29 03:56:41,46895137292288.0
2019-05-29 04:26:41,46895638371805.87
2019-05-29 04:56:41,46895674163200.0
2019-05-29 05:26:41,46896524208810.664
2019-05-29 05:56:41,46896747905024.0
2019-05-29 06:26:41,46897025288328.53
2019-05-29 06:56:41,46897284775936.0
2019-05-29 07:26:41,46897284775936.0
2019-05-29 07:56:41,46897284775936.0
2019-05-29 08:26:41,46897472680755.195
2019-05-29 08:56:41,46897821646848.0
2019-05-29 09:26:41,46897821646848.0
2019-05-29 09:56:41,46901678169565.87
2019-05-29 10:26:41,46904800968704.0
2019-05-29 10:56:41,46905284152524.805
2019-05-29 11:26:41,46905794179891.195
2019-05-29 11:56:41,46906474216379.734
2019-05-29 12:26:41,46906563694865.07
2019-05-29 12:56:41,46906948452352.0
2019-05-29 13:26:41,46906948452352.0
2019-05-29 13:56:41,46906948452352.0
2019-05-29 14:26:41,46907422688324.27
2019-05-29 14:56:41,46910420217582.93
2019-05-29 15:26:41,46927966948556.805
2019-05-29 15:56:41,46939778108620.805
2019-05-29 16:26:41,46956000558011.73
2019-05-29 16:56:41,46969798140450.13
2019-05-29 17:26:41,46971578762308.27
2019-05-29 17:56:41,46972625660586.664
2019-05-29 18:26:41,46972983574528.0
2019-05-29 18:56:41,46973386227712.0
2019-05-29 19:26:41,46973520445440.0
2019-05-29 19:56:41,46974281012565.336
2019-05-29 20:26:41,46976840097245.87
2019-05-29 20:56:41,46974057316352.0
2019-05-29 21:26:41,46968688607232.0
2019-05-29 21:56:41,46969127051810.13
2019-05-29 22:26:41,46969225478144.0
2019-05-29 22:56:41,46972983574528.0
2019-05-29 23:26:41,46973940994321.06
2019-05-29 23:56:41,46974057316352.0
2019-05-30 00:26:41,46975166849570.13
2019-05-30 00:56:41,46975667929088.0
2019-05-30 01:26:41,46976160060757.336
2019-05-30 01:56:41,46976285330636.805
2019-05-30 02:26:41,46976759566609.06
2019-05-30 02:56:41,46977278541824.0
2019-05-30 03:26:41,46977278541824.0
2019-05-30 03:56:41,46977484342340.27
2019-05-30 04:26:41,46977815412736.0
2019-05-30 04:56:41,46977815412736.0
2019-05-30 05:26:41,46978656510498.13
2019-05-30 05:56:41,46979229172804.27
2019-05-30 06:26:41,46979426025472.0
2019-05-30 06:56:41,46979524451805.87
2019-05-30 07:26:41,46979962896384.0
2019-05-30 07:56:41,46980875576934.4
2019-05-30 08:26:41,46981698778999.47
2019-05-30 08:56:41,46983980480375.46
2019-05-30 09:26:41,46987344871424.0
2019-05-30 09:56:41,46988015960064.0
2019-05-30 10:26:41,46989733946982.4
2019-05-30 10:56:41,46990163443712.0
2019-05-30 11:26:41,46990762949563.73
2019-05-30 11:56:41,46998520734242.125
2019-05-30 12:26:41,47000641374344.53
2019-05-30 12:56:41,47000900861952.0
2019-05-30 13:26:41,47001375097924.27
2019-05-30 13:56:41,47002511474688.0
2019-05-30 14:26:41,47007495426321.06
2019-05-30 14:56:41,47011969350587.73
2019-05-30 15:26:41,47013025196714.664
2019-05-30 15:56:41,47011683019434.664
2019-05-30 16:26:41,47015145836817.06
2019-05-30 16:56:41,47018009148347.73
2019-05-30 17:26:41,47018501280017.06
2019-05-30 17:56:41,47019852405145.6
2019-05-30 18:26:41,47020550337331.195
2019-05-30 18:56:41,47021284060910.94
2019-05-30 19:26:41,47021301956608.0
2019-05-30 19:56:41,47021650922700.805
2019-05-30 20:26:41,47022751508070.41
2019-05-30 20:56:41,47028800253678.94
2019-05-30 21:26:41,47032943107549.875
2019-05-30 21:56:41,47033685778978.13
2019-05-30 22:26:41,47038446034397.87
2019-05-30 22:56:41,47086916529902.94
2019-05-30 23:26:41,47092473143842.13
2019-05-30 23:56:41,47093376876544.0
2019-05-31 00:26:41,47095255924736.0
2019-05-31 00:56:41,47095390142464.0
2019-05-31 01:26:41,47095390142464.0
2019-05-31 01:56:41,47095998596164.26
2019-05-31 02:26:41,47097000755200.0
2019-05-31 02:56:41,47097913435750.4
2019-05-31 03:26:41,47098566628693.336
2019-05-31 03:56:41,47099568787729.06
2019-05-31 04:26:41,47099801431790.94
2019-05-31 04:56:41,47100221980672.0
2019-05-31 05:26:41,47100221980672.0
2019-05-31 05:56:41,47100221980672.0
2019-05-31 06:26:41,47100606738158.94
2019-05-31 06:56:41,47100758851584.0
2019-05-31 07:26:41,47101188348313.6
2019-05-31 07:56:41,47101295722496.0
2019-05-31 08:26:41,47101814697710.94
2019-05-31 08:56:41,47102315777228.805
2019-05-31 09:26:41,47112605803042.13
2019-05-31 09:56:41,47137838735906.125
2019-05-31 10:26:41,47138339815424.0
2019-05-31 10:56:41,47139834106129.06
2019-05-31 11:26:41,47083194224913.06
2019-05-31 11:56:41,47070559862784.0
2019-05-31 12:26:41,47090567252104.53
2019-05-31 12:56:41,47090620939195.73
2019-05-31 13:26:41,47090674626286.94
2019-05-31 13:56:41,47091050435925.336
2019-05-31 14:26:41,47091417297715.195
2019-05-31 14:56:41,47091632046080.0
2019-05-31 15:26:41,47092446300296.53
2019-05-31 15:56:41,47093833216819.195
2019-05-31 16:26:41,47093779529728.0
2019-05-31 16:56:41,47093958486698.664
2019-05-31 17:26:41,47094540096853.336
2019-05-31 17:56:41,47095211185493.336
2019-05-31 18:26:41,47095927013376.0
2019-05-31 18:56:41,47096374405802.664
2019-05-31 19:26:41,47096741267592.53
2019-05-31 19:56:41,47097000755200.0
2019-05-31 20:26:41,47097000755200.0
2019-05-31 20:56:41,47097018650897.06
2019-05-31 21:26:41,47098369776025.6
2019-05-31 21:56:41,47098808220603.73
2019-05-31 22:26:41,47103523736780.805
2019-05-31 22:56:41,47105653324731.73
2019-05-31 23:26:41,47106234934886.4
2019-05-31 23:56:41,47106691275161.6
2019-06-01 00:26:41,47106807597192.53
2019-06-01 00:56:41,47107183406830.94
2019-06-01 01:26:41,47108212409412.27
2019-06-01 01:56:41,47108328731443.195
2019-06-01 02:26:41,47109035611477.336
2019-06-01 02:56:41,47109617221632.0
2019-06-01 03:26:41,47110046718361.6
2019-06-01 03:56:41,47110252518877.87
2019-06-01 04:26:41,47109885657088.0
2019-06-01 04:56:41,47110297258120.53
2019-06-01 05:26:41,47110458319394.13
2019-06-01 05:56:41,47111156251579.73
2019-06-01 06:26:41,47111505217672.53
2019-06-01 06:56:41,47112033140736.0
2019-06-01 07:26:41,47112033140736.0
2019-06-01 07:56:41,47112033140736.0
2019-06-01 08:26:41,47112176306312.53
2019-06-01 08:56:41,47110673067758.94
2019-06-01 09:26:41,47117625546069.336
2019-06-01 09:56:41,47117938720768.0
2019-06-01 10:26:41,47118225051921.06
2019-06-01 10:56:41,47118475591680.0
2019-06-01 11:26:41,47118565070165.336
2019-06-01 11:56:41,47118475591680.0
2019-06-01 12:26:41,47118940879803.73
2019-06-01 12:56:41,47119012462592.0
2019-06-01 13:26:41,47119012462592.0
2019-06-01 13:56:41,47119289845896.53
2019-06-01 14:26:41,47119611968443.73
2019-06-01 14:56:41,47120148839355.73
2019-06-01 15:26:41,47120336744174.94
2019-06-01 15:56:41,47120623075328.0
2019-06-01 16:26:41,47120945197875.195
2019-06-01 16:56:41,47121911565516.805
2019-06-01 17:26:41,47122233688064.0
2019-06-01 17:56:41,47122233688064.0
2019-06-01 18:26:41,47122412645034.664
2019-06-01 18:56:41,47122770558976.0
2019-06-01 19:26:41,47122770558976.0
2019-06-01 19:56:41,47122985307340.805
2019-06-01 20:26:41,47124604867925.336
2019-06-01 20:56:41,47125428069990.4
2019-06-01 21:26:41,47125571235566.94
2019-06-01 21:56:41,47125991784448.0
2019-06-01 22:26:41,47125991784448.0
2019-06-01 22:56:41,47126063367236.27
2019-06-01 23:26:41,47126949204241.06
2019-06-01 23:56:41,47127065526272.0
2019-06-02 00:26:41,47127110265514.664
2019-06-02 00:56:41,47127602397184.0
2019-06-02 01:26:41,47127602397184.0
2019-06-02 01:56:41,47127602397184.0
2019-06-02 02:26:41,47128273485824.0
2019-06-02 02:56:41,47128676139008.0
2019-06-02 03:26:41,47128676139008.0
2019-06-02 03:56:41,47129418810436.27
2019-06-02 04:26:41,47129785672226.13
2019-06-02 04:56:41,47130286751744.0
2019-06-02 05:26:41,47131611033326.94
2019-06-02 05:56:41,47131897364480.0
2019-06-02 06:26:41,47131897364480.0
2019-06-02 06:56:41,47132416339694.94
2019-06-02 07:26:41,47132434235392.0
2019-06-02 07:56:41,47132434235392.0
2019-06-02 08:26:41,47132836888576.0
2019-06-02 08:56:41,47133051636940.805
2019-06-02 09:26:41,47132989002001.06
2019-06-02 09:56:41,47132971106304.0
2019-06-02 10:26:41,47133015845546.664
2019-06-02 10:56:41,47133069532637.87
2019-06-02 11:26:41,47134358022826.664
2019-06-02 11:56:41,47134581719040.0
2019-06-02 12:26:41,47134581719040.0
2019-06-02 12:56:41,47134581719040.0
2019-06-02 13:26:41,47134581719040.0
2019-06-02 13:56:41,47134581719040.0
2019-06-02 14:26:41,47134966476526.94
2019-06-02 14:56:41,47135619669469.87
2019-06-02 15:26:41,47135735991500.805
2019-06-02 15:56:41,47135655460864.0
2019-06-02 16:26:41,47136129696836.27
2019-06-02 16:56:41,47136192331776.0
2019-06-02 17:26:41,47136612880657.06
2019-06-02 17:56:41,47137158699417.6
2019-06-02 18:26:41,47137266073600.0
2019-06-02 18:56:41,47137266073600.0
2019-06-02 19:26:41,47137659778935.47
2019-06-02 19:56:41,47137820840209.06
2019-06-02 20:26:41,47137802944512.0
2019-06-02 20:56:41,47138617198728.53
2019-06-02 21:26:41,47139413557248.0
2019-06-02 21:56:41,47139413557248.0
2019-06-02 22:26:41,47139735679795.195
2019-06-02 22:56:41,47139950428160.0
2019-06-02 23:26:41,47141516301653.336
2019-06-02 23:56:41,47142097911808.0
2019-06-03 00:26:41,47142581095628.805
2019-06-03 00:56:41,47142903218176.0
2019-06-03 01:26:41,47143171653632.0
2019-06-03 01:56:41,47143171653632.0
2019-06-03 02:26:41,47143404297693.87
2019-06-03 02:56:41,47143968012151.47
2019-06-03 03:26:41,47144665944337.06
2019-06-03 03:56:41,47144979119035.73
2019-06-03 04:26:41,47145381772219.73
2019-06-03 04:56:41,47145856008192.0
2019-06-03 05:26:41,47146831323682.13
2019-06-03 05:56:41,47147466620928.0
2019-06-03 06:26:41,47147466620928.0
2019-06-03 06:56:41,47147466620928.0
2019-06-03 07:26:41,47148119813870.94
2019-06-03 07:56:41,47148540362752.0
2019-06-03 08:26:41,47148540362752.0
2019-06-03 08:56:41,47148737215419.73
2019-06-03 09:26:41,47149139868603.73
2019-06-03 09:56:41,47149077233664.0
2019-06-03 10:26:41,47149408304059.73
2019-06-03 10:56:41,47149614104576.0
2019-06-03 11:26:41,47149721478758.4
2019-06-03 11:56:41,47150285193216.0
2019-06-03 12:26:41,47151063656038.4
2019-06-03 12:56:41,47151224717312.0
2019-06-03 13:26:41,47151332091494.4
2019-06-03 13:56:41,47151761588224.0
2019-06-03 14:26:41,47153184296140.805
2019-06-03 14:56:41,47155698641578.664
2019-06-03 15:26:41,47161165777032.53
2019-06-03 15:56:41,47166283946393.6
2019-06-03 16:26:41,47171079993207.47
2019-06-03 16:56:41,47174310166528.0
2019-06-03 17:26:41,47174310166528.0
